timestamp,iteration_ms
1786705011.4154625,81.89855900002385
1786705011.5235212,108.01441599994632
1786705011.6348794,111.31249799996112
1786705011.7388513,103.92696799999612
1786705011.817492,78.59944100005123
1786705011.8955119,77.97857299999578
1786705011.97417,78.61234799997874
1786705012.062466,88.24785299998439
1786705012.2001092,137.59246600000097
1786705012.3121998,112.04058900000291
1786705012.3946595,82.418113000017
1786705012.4742794,79.5788079999511
1786705012.5620975,87.77540999994926
1786705012.675141,112.9984560000139
1786705012.7923732,117.06073800007744
1786705012.870901,78.4766630000604
1786705012.950559,79.60980799998651
1786705013.0287561,78.14851600005568
1786705013.1065583,77.75673999992705
1786705013.2129648,106.35723699999744
1786705013.31979,106.77282799997556
1786705013.3989346,78.90799500000867
1786705013.4779072,78.71860700004163
1786705013.5569637,78.74960699996336
1786705013.6353545,78.34557099999984
1786705013.7298045,94.40475800010972
1786705013.8080008,78.15442399999029
1786705013.8875525,79.51021599990327
1786705013.9664989,78.86056999996072
1786705014.0453136,78.72036699995988
1786705014.1246786,79.27729100003944
1786705014.2044072,79.46149299993976
1786705014.2834957,78.84858800002803
1786705014.362699,78.9387730000044
1786705014.4423578,79.61567799998193
1786705014.5209563,78.47784900002353
1786705014.600619,79.57201199997144
1786705014.6782591,77.36457400005747
1786705014.7568333,78.4838109999555
1786705014.8346884,77.80966600000738
1786705014.913412,78.62853300002826
1786705014.9931033,79.43508699997892
1786705015.0784364,85.21916000006513
1786705015.159182,80.70226799998181
1786705015.2396786,80.23923199993988
1786705015.3332875,93.44120700006897
1786705015.4324176,99.03696599997147
1786705015.5276017,95.13760799995907
1786705015.6063066,78.66412600003514
1786705015.6850276,78.6402740000085
1786705015.7637079,78.6376260000452
1786705015.8438065,80.05454800002099
1786705015.9235656,79.6746969999731
1786705016.0028098,79.20010600003025
1786705016.0820081,79.10258799995518
1786705016.1611898,79.09071700009918
1786705016.2410717,79.7944370000323
1786705016.3197794,78.66307099993719
1786705016.3980637,78.2342749999998
1786705016.4848092,86.65943300002255
1786705016.5625448,77.69266700006483
1786705016.643051,80.46256399995855
1786705016.7208517,77.75759200001175
1786705016.799458,78.55531200004862
1786705016.877304,77.8020180000567
1786705016.955827,78.47953399993912
1786705017.0337024,77.83101799998349
1786705017.1115909,77.84557299999051
1786705017.1901026,78.46884900004625
1786705017.2680147,77.86820300009367
1786705017.3455532,77.49461100002009
1786705017.4234495,77.85518499997579
1786705017.5184097,94.89357199993265
1786705017.641056,122.60247899996557
1786705017.7256362,84.52401399995324
1786705017.8049614,79.27012400000422
1786705017.8845665,79.55984499994884
1786705017.9632218,78.61516299999494
1786705018.0459552,82.68866900004923
1786705018.1246567,78.52362699998139
1786705018.2050002,80.18302899995433
1786705018.284335,79.24377199992705
1786705018.3656719,81.25450700003967
1786705018.4438076,77.93442499996672
1786705018.52136,77.34803799985457
1786705018.6003237,78.74884800003201
1786705018.6785743,78.03727700002128
1786705018.7560172,77.24981599994862
1786705018.833902,77.69035199999053
1786705018.9124162,78.36829400002898
1786705018.9907305,78.10485100003461
1786705019.0693328,78.3912379999947
1786705019.1476216,78.22386799989545
1786705019.226953,79.26712400012548
1786705019.3065908,79.57043800001884
1786705019.3853967,78.67188499994882
1786705019.46392,78.45170099994903
1786705019.5421796,78.04405500019129
1786705019.6201782,77.79825899979187
1786705019.723999,103.60332100003689
1786705019.8247132,100.67053400007353
1786705019.9040003,79.24293999985821
1786705019.983062,79.02114400008031
1786705020.061603,78.49797899984878
1786705020.140616,78.96968099998958
1786705020.2204468,79.78673299999173
1786705020.2987587,78.26903500017579
1786705020.3774037,78.59649700003501
1786705020.4561703,78.72060799991232
1786705020.5355937,79.37714200011214
1786705020.6135113,77.87251800004924
1786705020.692051,78.4925339999063
1786705020.7720153,79.91845599985936
1786705020.853291,81.22904300012124
1786705020.9346888,81.35630300012053
1786705021.017892,83.16124099997069
1786705021.0972598,79.32540199999494
1786705021.1786222,81.31963599998926
1786705021.2584784,79.81530799997927
1786705021.340235,81.71522799989361
1786705021.4180744,77.79736999987108
1786705021.4981055,79.98864099999992
1786705021.5775251,79.37540099987928
1786705021.658577,81.00667400003658
1786705021.7386732,80.0531959998807
1786705021.8241498,85.42904800015094
1786705021.9221203,97.91513600021062
1786705022.0257125,103.54232100007721
1786705022.1058688,80.05423300005532
1786705022.186683,80.65478599996823
1786705022.2656891,78.95953299998837
1786705022.3450274,79.29121600000144
1786705022.424364,79.2587910000293
1786705022.5041533,79.74336400002358
1786705022.5850253,80.76793400005045
1786705022.666024,80.94954499983942
1786705022.7453325,79.2336060001162
1786705022.8243978,78.97338499992657
1786705022.9044058,79.75851200012585
1786705022.9845426,80.05560399988099
1786705023.064292,79.49630899997828
1786705023.1437962,79.39725400001407
1786705023.2224257,78.53868300003342
1786705023.302664,80.19382499992389
1786705023.383237,80.4674910000358
1786705023.4628983,79.54119700002593
1786705023.5423338,79.36229100005221
1786705023.6217089,79.27971699996306
1786705023.7010083,79.22373599990351
1786705023.7800002,78.91686600009962
1786705023.8588848,78.80903299997044
1786705023.9400916,81.12952500005122
1786705024.0336297,93.444725000154
1786705024.1330874,99.3252239998128
1786705024.2265124,93.3619660002023
1786705024.306727,80.13815800018165
1786705024.3855655,78.76209000005474
1786705024.4644203,78.77421900002446
1786705024.5451684,80.53478600004382
1786705024.6237712,78.46071300014046
1786705024.7024293,78.39763999982097
1786705024.7815893,79.11484000010205
1786705024.8620455,80.26596500008054
1786705024.9410064,78.80191599997488
1786705025.0206776,79.62448900002528
1786705025.0992494,78.45472000008158
1786705025.1797516,80.41369900001882
1786705025.2584336,78.63755199991829
1786705025.3385713,79.91631599998072
1786705025.4180105,79.1443610000897
1786705025.4972632,79.17343500002971
1786705025.5768077,79.37652599980538
1786705025.6563187,79.3533399998978
1786705025.7380102,81.4012079999884
1786705025.8182125,80.11653600010504
1786705025.901101,82.65341600008469
1786705025.9811103,79.96788900004503
1786705026.0604024,78.98254899987478
1786705026.1404343,79.79548599996633
1786705026.2362938,95.55304400009845
1786705026.3339624,97.62837399989621
1786705026.430345,96.33866599983776
1786705026.5092316,78.81810699996095
1786705026.5892575,79.94494700005816
1786705026.668177,78.70951599988985
1786705026.7469296,78.69951500015304
1786705026.828908,81.84579799990388
1786705026.9091887,80.234462999897
1786705026.988446,79.21130699992318
1786705027.0668492,78.35816900001191
1786705027.1451488,78.25466999997843
1786705027.2250757,79.88033800006633
1786705027.304692,79.56904499997108
1786705027.3840063,79.17501199995058
1786705027.4623551,78.23617099984403
1786705027.5416183,79.19658699984211
1786705027.6214764,79.8131359999843
1786705027.7003584,78.83581299984144
1786705027.77912,78.71716499994363
1786705027.8575861,78.4178360001988
1786705027.9370472,79.41562099995281
1786705028.0176678,80.4775740000423
1786705028.0978642,80.05343100012396
1786705028.1780465,80.1376160000018
1786705028.2574937,79.40221600006225
1786705028.3367832,79.2456060000859
1786705028.4285674,91.73977399996147
1786705028.5242822,95.62538099999074
1786705028.62045,96.0286920001181
1786705028.6995316,78.94709099991815
1786705028.778325,78.52094700001544
1786705028.8625505,84.10544499997741
1786705028.9418519,79.18956999992588
1786705029.0223258,80.43120499996803
1786705029.1029272,80.55805800017879
1786705029.1822708,79.29803399997581
1786705029.262129,79.60434500000702
1786705029.3416777,79.50449500003742
1786705029.4212155,79.49331000008897
1786705029.499168,77.90808499999002
1786705029.5782495,79.03803599992898
1786705029.6570492,78.75620599998001
1786705029.7362611,79.16808999993918
1786705029.8147635,78.45678399985445
1786705029.8935075,78.70039199997336
1786705029.9749348,81.38145699990673
1786705030.0549803,80.00321300005453
1786705030.1345696,79.54512500009514
1786705030.214664,80.05176899996513
1786705030.2934654,78.75837500000671
1786705030.3734832,79.97308500011968
1786705030.4529471,79.41979299994273
1786705030.5321517,79.1623890002029
1786705030.6237745,91.57696500005841
1786705030.7202737,96.45552599999974
1786705030.8123,91.98010900013287
1786705030.8913493,79.00892799989379
1786705030.9703448,78.95311299989771
1786705031.0508938,80.42752599999403
1786705031.1294613,78.4856759999002
1786705031.2105591,80.86265099996126
1786705031.2894673,78.86387500002456
1786705031.3680694,78.54278600007092
1786705031.4475217,79.1036510001959
1786705031.526415,78.77552500008278
1786705031.6056597,79.19946500010155
1786705031.6853101,79.58427599987772
1786705031.763438,78.03953200004798
1786705031.8417337,78.17180799997914
1786705031.9204834,78.64569299999857
1786705031.9987824,78.21025299995199
1786705032.07913,80.04580900001201
1786705032.1581624,78.97095100020124
1786705032.2372916,78.83798900002148
1786705032.3173943,79.73901599984856
1786705032.3967953,79.12011600001279
1786705032.4752407,78.4053079999012
1786705032.5528615,77.57266800012985
1786705032.6310685,78.16192099994623
1786705032.7089565,77.84505399990849
1786705032.7966006,87.60217700000794
1786705032.890277,93.63620700014508
1786705032.987176,96.85635999994702
1786705033.0654104,78.19036699993376
1786705033.1432004,77.74588999996013
1786705033.2230127,79.76929599999494
1786705033.301445,78.38882900000499
1786705033.379408,77.91935199998079
1786705033.457982,78.53084599992144
1786705033.5370057,78.97878500011757
1786705033.6157944,78.74541699993642
1786705033.6946218,78.77676899988728
1786705033.7725282,77.86150099991573
1786705033.8509622,78.38992100005271
1786705033.928267,77.2601549999763
1786705034.0074792,79.16769100006604
1786705034.0860095,78.4872180001912
1786705034.164186,78.13303699981589
1786705034.2442658,80.03742500000044
1786705034.3221972,77.88674299990817
1786705034.3995633,77.32035999993059
1786705034.477792,78.18031400006475
1786705034.5559602,78.12368500003686
1786705034.6350613,79.0565269999206
1786705034.7126153,77.51282100002754
1786705034.791515,78.85701100008191
1786705034.8693252,77.7674669998305
1786705034.9529696,83.60142600008658
1786705035.0575495,104.53774999996313
1786705035.159559,101.96609199988416
1786705035.23928,79.67870799984667
1786705035.3168457,77.52267499995469
1786705035.395148,78.26098199984699
1786705035.4740574,78.86269799996626
1786705035.5530832,78.981788999954
1786705035.6311207,77.99354000007952
1786705035.7090242,77.86013400004776
1786705035.787563,78.49529500003882
1786705035.8654215,77.81550499998957
1786705035.9434376,77.9726139999184
1786705036.0215373,78.0561139999918
1786705036.0998948,78.31318700004886
1786705036.1799188,79.97944699991422
1786705036.258292,78.3290010001565
1786705036.3363116,77.97413499997674
1786705036.4147334,78.3784640000249
1786705036.4936767,78.89819900015027
1786705036.5719218,78.20048399980806
1786705036.650347,78.38272300000426
1786705036.7278852,77.46769499999573
1786705036.8064806,78.5509259999344
1786705036.8842802,77.75600800005122
1786705036.9622169,77.89328299986664
1786705037.0405796,78.31794699995953
1786705037.126172,85.55313399983788
1786705037.2342224,107.99442500001533
1786705037.3276508,93.30840799998441
1786705037.4067748,79.01692200016441
1786705037.4912698,84.38360900004227
1786705037.5700648,78.73142499988717
1786705037.6483312,78.06615399999828
1786705037.7271457,78.68466600007196
1786705037.8053071,77.98406200004138
1786705037.8845267,78.96023800003604
1786705037.9635143,78.94573799990212
1786705038.0426137,79.04986699986694
1786705038.1226223,79.96672900003432
1786705038.203061,80.39713200014376
1786705038.281443,78.33893099996203
1786705038.360626,78.88405499988949
1786705038.4398763,79.18057000006229
1786705038.5188823,78.71850200012886
1786705038.5973148,78.1617110001207
1786705038.6753182,77.96067599997514
1786705038.7534795,78.11815500008379
1786705038.8316116,78.0881739999586
1786705038.9106693,79.01407299982566
1786705038.9888618,78.14861799988648
1786705039.0682,79.2961079998804
1786705039.1470318,78.78768800014768
1786705039.2274091,80.33287599982941
1786705039.3323648,104.91301699994438
1786705039.431565,99.0355209999052
1786705039.5275142,94.9594700000489
1786705039.6058333,78.19445299992367
1786705039.683892,77.83960499978093
1786705039.7638083,79.81532600001628
1786705039.8424304,78.44320999993215
1786705039.9227397,80.18889599998147
1786705040.001569,78.69535600002564
1786705040.0807183,78.96535399981985
1786705040.1608038,79.89754899995205
1786705040.2407372,79.8165489998155
1786705040.3189132,78.05860400003439
1786705040.398578,79.53145999999833
1786705040.4780712,79.42159100002755
1786705040.5569792,78.80713400004424
1786705040.6348658,77.79729200001384
1786705040.7140868,79.14977799987355
1786705040.794681,80.49939500006076
1786705040.8749895,80.24152699999831
1786705040.954245,79.13842699986162
1786705041.033389,78.78711599983035
1786705041.1124032,78.8442830000804
1786705041.1928144,80.36550900010297
1786705041.2718027,78.90533800014055
1786705041.3514194,79.57361000012497
1786705041.430248,78.72104400007629
1786705041.5351713,104.84724399998413
1786705041.6367195,101.50629700001446
1786705041.7156692,78.90365299999758
1786705041.7949677,79.25296399980652
1786705041.874608,79.5947949998208
1786705041.9522493,77.59773999987374
1786705042.0312502,78.95656100004089
1786705042.1104538,79.15744899992205
1786705042.190103,79.60462899995946
1786705042.2703357,80.1879010000448
1786705042.349569,79.18872599998394
1786705042.4282777,78.66519399999561
1786705042.507988,79.66557299982924
1786705042.5867712,78.73495300009381
1786705042.6646194,77.80187000003025
1786705042.7434487,78.78334199995152
1786705042.8213985,77.87922100010292
1786705042.9002922,78.68223100012983
1786705042.9800181,79.60848100015028
1786705043.0590644,78.90445299995008
1786705043.138145,79.03548900003443
1786705043.2196672,81.47235300020839
1786705043.2998748,80.16160700003638
1786705043.378223,78.29857000001539
1786705043.456546,78.27586700000211
1786705043.5358846,79.28946800006997
1786705043.6227152,86.78507800004809
1786705043.7186947,95.93304199984232
1786705043.8161156,97.37763900011487
1786705043.8950355,78.86928700008866
1786705043.9733365,78.25292300003639
1786705044.0522418,78.8209550000829
1786705044.1317952,79.50661500012757
1786705044.2148943,83.05117299983067
1786705044.2927577,77.82028099995841
1786705044.3722496,79.44887600001493
1786705044.450562,78.26603500006968
1786705044.5294437,78.83773399998972
1786705044.6082146,78.72434599994449
1786705044.6866038,78.33957200000441
1786705044.764757,78.07309300005727
1786705044.8438542,79.01499000013246
1786705044.9226887,78.79110399994715
1786705045.000951,78.21920200012755
1786705045.0799866,78.95893799991427
1786705045.1586037,78.47366500004682
1786705045.2381992,79.45693299984669
1786705045.3165417,78.30025999987811
1786705045.3956923,79.00291900000411
1786705045.4743614,78.58760799990705
1786705045.5527565,78.33194399995591
1786705045.6315124,78.71134700008042
1786705045.71278,81.22228499996709
1786705045.7988148,85.98907200007488
1786705045.8968103,97.95047100010379
1786705045.9985137,101.6590270000961
1786705046.0768044,78.24526100012008
1786705046.1557841,78.93379200004347
1786705046.2358274,79.99778099997457
1786705046.314758,78.88464400002704
1786705046.392756,77.9533940001329
1786705046.471154,78.35344599993732
1786705046.5500746,78.87677400003668
1786705046.6287303,78.61127600017426
1786705046.7072146,78.44151799986321
1786705046.7864301,79.17393699995046
1786705046.8648179,78.11366999999336
1786705046.943445,78.48246300000028
1786705047.0214305,77.84121000008781
1786705047.1000314,78.45451999992292
1786705047.1801858,80.01022700000249
1786705047.2592807,79.04868099990381
1786705047.3374028,78.07754199984629
1786705047.4157143,78.26446700005363
1786705047.4945335,78.7757400000828
1786705047.5729885,78.40891000000738
1786705047.651547,78.51320500003567
1786705047.7292175,77.6280659999884
1786705047.8088655,79.60586099989087
1786705047.888764,79.85407999990457
1786705047.9677093,78.9014419999603
1786705048.0800455,112.29029800006174
1786705048.181106,100.85965299981581
1786705048.2602234,78.95679500006736
1786705048.3400085,79.67563900001551
1786705048.4199014,79.69430599996485
1786705048.4991124,79.02290500010167
1786705048.5781565,79.00072100005673
1786705048.6571221,78.85170300005484
1786705048.736314,79.04051700006676
1786705048.8153646,78.93462800007
1786705048.8941803,78.72305699993376
1786705048.9727132,78.39339300016945
1786705049.0517309,78.92835199982073
1786705049.1309972,79.19505300014862
1786705049.2119665,80.9268149998843
1786705049.2899349,77.92536299984931
1786705049.3688912,78.8642229999823
1786705049.4485571,79.4901619999564
1786705049.528048,79.31540399999903
1786705049.6056852,77.46253400000569
1786705049.6841629,78.38752399993609
1786705049.762835,78.57881899985841
1786705049.8416305,78.68092899980184
1786705049.920268,78.50567099990258
1786705049.9987726,78.37874699998792
1786705050.0775218,78.5652280001159
1786705050.1619077,84.29189399998904
1786705050.2663612,104.40862299992659
1786705050.3603065,93.87498599994615
1786705050.439024,78.67506000002322
1786705050.5170238,77.9374569999618
1786705050.596413,79.30836900004579
1786705050.6754003,78.90929899986077
1786705050.7532768,77.83514300012939
1786705050.8326747,79.35733099998288
1786705050.910919,78.14332499992815
1786705050.9895413,78.57976499985853
1786705051.0682156,78.63308000014513
1786705051.1470788,78.82141300001422
1786705051.2263718,79.25175999980638
1786705051.3052423,78.80880099992282
1786705051.383043,77.75892299991938
1786705051.4607732,77.68823799983693
1786705051.5382755,77.46094399999492
1786705051.6164055,78.08680900006948
1786705051.695643,79.19544600008521
1786705051.7749453,79.22585300002538
1786705051.8541052,79.05237399995713
1786705051.931801,77.64766499985853
1786705052.0102403,78.15847500000928
1786705052.0891693,78.71260100000654
1786705052.169153,79.93845900000451
1786705052.2482636,79.06456099999559
1786705052.3399827,91.67384400006995
1786705052.431917,91.89239800002724
1786705052.5301278,98.16994800007706
1786705052.6096737,79.4996849999734
1786705052.688381,78.6604540001008
1786705052.7658799,77.45246500007852
1786705052.8435812,77.66494499992405
1786705052.9221382,78.51251000010961
1786705053.0001354,77.95362699994257
1786705053.079066,78.88086000002659
1786705053.1564465,77.33713499987971
1786705053.2354777,78.98700700002337
1786705053.3136084,78.08684900010121
1786705053.392368,78.71556600002805
1786705053.4699016,77.49057799992443
1786705053.5478802,77.93385099989791
1786705053.625736,77.81162900005256
1786705053.7040412,78.26210700000047
1786705053.781741,77.66166800001884
1786705053.8599973,78.21279199993114
1786705053.93869,78.64795499995125
1786705054.0166597,77.92668399997638
1786705054.0943713,77.66791099993497
1786705054.1735256,79.09080399986124
1786705054.251581,78.01557400011916
1786705054.3307173,79.08984200003033
1786705054.409546,78.78634400003648
1786705054.4871244,77.53711500004101
1786705054.5942974,107.13121699996009
1786705054.6971908,102.78474000006099
1786705054.7776544,80.36762599999747
1786705054.857552,79.8544449999099
1786705054.9374897,79.66881800007286
1786705055.0180564,80.44369900017045
1786705055.096729,78.53416299985838
1786705055.1771836,80.33683099984046
1786705055.256983,79.4875060000777
1786705055.3370125,79.7610029999305
1786705055.4165463,79.29311900011271
1786705055.49671,79.86731699998018
1786705055.5772946,80.46949599997788
1786705055.656679,79.18173100006243
1786705055.7388709,82.03433300013785
1786705055.8183558,79.38669200007098
1786705055.8985605,80.0967780000974
1786705055.9782004,79.59780099986347
1786705056.0580578,79.81594800003222
1786705056.1368835,78.67309000016576
1786705056.2180247,81.04180800000904
1786705056.2961485,78.08368799987875
1786705056.3770745,80.52834900013295
1786705056.4568894,79.74913499992908
1786705056.53626,79.12476999990758
1786705056.6158621,79.37156399998457
1786705056.7033098,87.38348599990786
1786705056.8096642,106.31276599997364
1786705056.9034731,93.64253700005065
1786705056.982425,78.90743899997688
1786705057.0618536,79.29178899985345
1786705057.1400852,78.08715300006952
1786705057.2201183,79.89448700004687
1786705057.2981994,77.9997459999322
1786705057.3765333,78.29035500003556
1786705057.4541311,77.55460200019115
1786705057.5505261,96.353291000014
1786705057.629062,78.49290800004383
1786705057.709092,79.98657899997852
1786705057.787793,78.65811100009523
1786705057.8651996,77.36358600004678
1786705057.9437673,78.52274099991519
1786705058.0228703,79.05975400012721
1786705058.1015096,78.5950749998392
1786705058.1806815,79.04384799985564
1786705058.2583134,77.59062199988875
1786705058.3369346,78.51589099982448
1786705058.4152737,78.20883900012632
1786705058.493971,78.55465000011463
1786705058.5717525,77.73615799987965
1786705058.6500893,78.29181900001458
1786705058.7289395,78.7706660000822
1786705058.8077335,78.66116700006387
1786705058.8957012,87.83296799992968
1786705058.9929392,97.19656299989765
1786705059.085198,92.21440900000744
1786705059.1630883,77.84700999991401
1786705059.2420902,78.95688899998277
1786705059.3210084,78.87470400009988
1786705059.3987072,77.65506800001276
1786705059.4770606,78.31165400011741
1786705059.554552,77.44595799999843
1786705059.6327982,78.20441500007291
1786705059.710822,77.98049099983473
1786705059.78907,78.20528499996726
1786705059.867167,78.05432300006032
1786705059.9450889,77.87876900010815
1786705060.0237029,78.57094900009542
1786705060.101624,77.87823400008165
1786705060.1813314,79.66206800006148
1786705060.259646,78.26986000009128
1786705060.338017,78.3296550000614
1786705060.4156747,77.61357000003954
1786705060.4934032,77.6870129998315
1786705060.5710914,77.64431099985813
1786705060.650296,79.15879600000153
1786705060.7276046,77.26357299998199
1786705060.8057263,78.07054699992477
1786705060.8841999,78.43052500015801
1786705060.962304,78.0599910001456
1786705061.04731,84.9613519999366
1786705061.1578407,110.48357100003159
1786705061.2535012,95.57858500011207
1786705061.3309326,77.19826099992133
1786705061.4111536,79.96840000009797
1786705061.4904726,79.07857600002899
1786705061.5695355,79.01996500004316
1786705061.6495485,79.75842199994077
1786705061.727825,78.20988100002069
1786705061.8068912,78.82980099998349
1786705061.9260566,119.12248800013003
1786705062.0708954,144.78316999998242
1786705062.2201083,149.16701900006046
1786705062.3533797,133.22311599995373
1786705062.455814,102.29574400000274
1786705062.5421581,86.1092140000892
1786705062.6208427,78.63721099988652
1786705062.6990194,78.13247499984755
1786705062.778836,79.77334900010646
1786705062.8578253,78.94437499999185
1786705062.9369328,79.06281800001125
1786705063.0156498,78.67389600005481
1786705063.0951107,79.4154279999475
1786705063.1739182,78.76589700003933
1786705063.2690778,95.1177419999567
1786705063.3619668,92.83246699988013
1786705063.4545524,92.5435799999832
1786705063.5348675,80.27290099994389
1786705063.6140163,79.10783800002719
1786705063.6943946,80.32190100016123
1786705063.774153,79.71516600014183
1786705063.8542848,80.0903480001125
1786705063.9338155,79.48965000014141
1786705064.0139985,80.13868100010768
1786705064.093056,79.01408200018523
1786705064.1717942,78.6569370000052
1786705064.2519503,79.97157299996616
1786705064.3311303,79.13845100006256
1786705064.4099822,78.81026900008692
1786705064.4875393,77.47352199999114
1786705064.5657744,78.18668199979584
1786705064.6450844,79.26543100006711
1786705064.7247317,79.29220899995926
1786705064.8032067,78.43091999984608
1786705064.8823628,78.73275099996135
1786705064.9620337,79.6041129999594
1786705065.0410964,79.0193969999109
1786705065.1206656,79.5250409998971
1786705065.2000139,79.30652400000326
1786705065.2788815,78.82523299986133
1786705065.3588793,79.95614799983741
1786705065.457655,98.73335899987978
1786705065.5587745,101.07322600015323
1786705065.6447618,85.94090699989465
1786705065.723048,78.23844299991833
1786705065.8018448,78.74825199996849
1786705065.8819392,80.0468140000703
1786705065.9601781,78.19423900014044
1786705066.040181,79.9598529999912
1786705066.1189954,78.76910599998155
1786705066.1992342,80.19598100008807
1786705066.278121,78.84288300010667
1786705066.35753,79.36526699995738
1786705066.4362054,78.63062499995976
1786705066.515062,78.81008599997585
1786705066.5949738,79.82748400013406
1786705066.6737988,78.6906440000621
1786705066.7527814,78.83965999985776
1786705066.8311284,78.30218399999467
1786705066.9100657,78.89203099989572
1786705066.9888108,78.69795900001009
1786705067.0675015,78.64477499992972
1786705067.146411,78.8244399998348
1786705067.2262173,79.76370999995197
1786705067.3065844,80.32283400007145
1786705067.3865192,79.88565200002995
1786705067.4651778,78.6108500001319
1786705067.5433772,78.15365000010388
1786705067.641426,98.00033300007271
1786705067.7350686,93.59811499984971
1786705067.8270276,91.91600200006178
1786705067.9071362,80.0647809999191
1786705067.9856682,78.48864700008562
1786705068.0636888,77.97559799996634
1786705068.1423767,78.64494299997205
1786705068.2211058,78.65879500013762
1786705068.3004727,79.31912199978797
1786705068.3789566,78.43474200012679
1786705068.458179,79.17693900003542
1786705068.5375977,79.37532500000088
1786705068.6173117,79.67185999996218
1786705068.6954396,78.08272700003727
1786705068.7738662,78.37911299998268
1786705068.8518128,77.89843199998359
1786705068.9309118,79.0486990001682
1786705069.0110626,80.10031900016656
1786705069.0895643,78.45557600012398
1786705069.167845,78.18902299982255
1786705069.2475767,79.68958300011764
1786705069.3275566,79.93360000000393
1786705069.4060268,78.42074399991361
1786705069.4871447,81.07197799995447
1786705069.5711856,83.99735800003327
1786705069.6497536,78.52463100016394
1786705069.7293413,79.5411960000365
1786705069.8171663,87.77867399999195
1786705069.9073646,90.15409600010571
1786705070.0044532,97.04027199995835
1786705070.083885,79.388642999902
1786705070.163462,79.52569799999765
1786705070.243057,79.54880900001626
1786705070.321524,78.42092999999295
1786705070.3998444,78.27569099981702
1786705070.4779847,78.09247099999084
1786705070.5560594,78.02817500009951
1786705070.6351366,79.02949899994383
1786705070.713569,78.38869000011073
1786705070.7935872,79.97335999993993
1786705070.8720133,78.38320800010479
1786705070.9511902,79.1266829999131
1786705071.0300348,78.8013899998532
1786705071.1088436,78.7644659999387
1786705071.1887248,79.83793800008243
1786705071.2669206,78.15158299990799
1786705071.3460126,79.00266799993005
1786705071.4239721,77.91643700011264
1786705071.5027397,78.72311400001308
1786705071.5816557,78.7839659999463
1786705071.6613328,79.63451399996302
1786705071.73991,78.53417199999058
1786705071.818023,78.06965800000398
1786705071.8964512,78.38450600002034
1786705071.9757717,79.27820200006863
1786705072.068917,93.10085099991738
1786705072.1702437,101.28049700006159
1786705072.2559795,85.67955100011204
1786705072.3355768,79.55133099994782
1786705072.4142005,78.48573000001124
1786705072.4933555,79.0145210000901
1786705072.5719965,78.50202599979639
1786705072.6520097,79.93638300013117
1786705072.7307324,78.67618999989645
1786705072.8097188,78.94366900018213
1786705072.8882098,78.44665499987968
1786705072.966843,78.58807999991768
1786705073.046164,79.23737200007963
1786705073.125149,78.93831900014447
1786705073.2056937,80.49400799995965
1786705073.284167,78.42611999990368
1786705073.3630915,78.83928399996876
1786705073.4431002,79.96051400004944
1786705073.5208302,77.69058999997469
1786705073.600488,79.61157199997615
1786705073.6796448,79.10800300010123
1786705073.7587302,79.03805899991312
1786705073.8375084,78.64821099997243
1786705073.9172866,79.63946099994246
1786705073.9960697,78.60130400013077
1786705074.075133,79.01932000004308
1786705074.1554396,80.26347499981057
1786705074.2645588,109.0765219998957
1786705074.369454,104.79500599990388
1786705074.450282,80.62184300001718
1786705074.5289614,78.49145399995905
1786705074.6070414,77.75636900009886
1786705074.685065,77.8751079999438
1786705074.7643309,79.22311500010437
1786705074.8430545,78.61817599996357
1786705074.9218922,78.79284099999495
1786705075.0002544,78.27958600000784
1786705075.0786724,78.33323499994549
1786705075.156668,77.94451699987803
1786705075.2422454,85.24202299986428
1786705075.3219779,79.69183399995927
1786705075.3997421,77.72381499989933
1786705075.4783418,78.5553630000777
1786705075.5561755,77.78964799990717
1786705075.6343424,78.11136700001953
1786705075.712508,78.10158900019815
1786705075.7905674,78.01101699988067
1786705075.8689969,78.31466199991155
1786705075.9472923,78.2448850000037
1786705076.0252163,77.80235199993513
1786705076.1042197,78.86873199981892
1786705076.1855252,81.258858999945
1786705076.2634325,77.79255700006615
1786705076.3416266,77.99133299999994
1786705076.4514422,109.66829900007724
1786705076.5575354,106.04440700012674
1786705076.6354923,77.91381500010175
1786705076.7146056,79.06987899991691
1786705076.7924178,77.76374199988823
1786705076.8712268,78.76641899997594
1786705076.948731,77.4618189998364
1786705077.0279646,79.19085900016398
1786705077.1071174,79.10837999997966
1786705077.186322,79.16174999991199
1786705077.265199,78.83251200019004
1786705077.3426125,77.37078499985728
1786705077.4208167,78.15970299998298
1786705077.503434,82.57312599994293
1786705077.5837755,80.29710999994677
1786705077.6614366,77.61741300009817
1786705077.7405412,79.06106500013266
1786705077.819573,78.98821399999179
1786705077.8973935,77.7762249999796
1786705077.976517,79.08004700016136
1786705078.0542996,77.73957800009157
1786705078.1325035,78.16085300009945
1786705078.2120376,79.48963700005152
1786705078.2912176,79.13617700000941
1786705078.3687825,77.52050699991742
1786705078.4473584,78.53216400008023
1786705078.52637,78.96793800000523
1786705078.6252933,98.8597740001751
1786705078.7311835,105.84081999991213
1786705078.8123982,81.17073299990807
1786705078.8909822,78.44257299984747
1786705078.9689724,77.94492899984107
1786705079.0479043,78.88414399985777
1786705079.126555,78.51796199997807
1786705079.20687,80.22516900018672
1786705079.2849228,78.00787499991202
1786705079.3630753,78.106243999855
1786705079.4423635,79.24390099992706
1786705079.520935,78.50898099991355
1786705079.599271,78.2927049999671
1786705079.6776633,78.34787199999482
1786705079.7566915,78.9861429998382
1786705079.836791,79.95385699996405
1786705079.9152145,78.27846500003943
1786705079.9929757,77.61639700015621
1786705080.0717497,78.63242600001286
1786705080.1509435,79.05136699991999
1786705080.2308955,79.9099330001809
1786705080.3089988,78.06050499993944
1786705080.388108,79.0640519999215
1786705080.4670353,78.8824050000585
1786705080.5463696,79.2895680001493
1786705080.6260626,79.6098799999072
1786705080.7053223,78.99055200005023
1786705080.8047976,99.4323089998943
1786705080.9078753,103.03460899990569
1786705080.9864218,78.48968600001172
1786705081.0650737,78.35331899991616
1786705081.1446617,79.54267900004197
1786705081.2232635,78.55752099999336
1786705081.3011532,77.84626800003025
1786705081.3802953,79.09836800013181
1786705081.4594254,79.07740499990723
1786705081.5375903,78.1219319999309
1786705081.616231,78.59363100010341
1786705081.6959329,79.65327000010802
1786705081.7747755,78.79551900009574
1786705081.8532414,78.41692900001362
1786705081.9318006,78.51392900010978
1786705082.0102835,78.43454099997871
1786705082.0898085,79.26242400003503
1786705082.1688194,78.95768499997757
1786705082.247409,78.54098500001783
1786705082.3282347,80.23354500005553
1786705082.4073765,79.09598099990944
1786705082.4856665,78.24578500003554
1786705082.5636613,77.95397199993204
1786705082.642771,79.01944400009597
1786705082.72127,78.42357900017305
1786705082.7999566,78.54559700012942
1786705082.879293,79.28305300015381
1786705082.9840302,104.4412859998829
1786705083.087182,103.05181799981256
1786705083.1733282,86.09969600001932
1786705083.2518847,78.51391300005162
1786705083.3305933,78.66476399999556
1786705083.4094334,78.7952809998842
1786705083.4879348,78.45954399999755
1786705083.5674536,79.4761639999706
1786705083.645623,78.12632499985739
1786705083.72414,78.47282099987751
1786705083.8021967,78.01247399993372
1786705083.880637,78.39756299995315
1786705083.9593868,78.7050779999845
1786705084.037602,78.05939900003978
1786705084.117085,79.2811310000161
1786705084.1969564,79.71494100002019
1786705084.2757132,78.70978300002207
1786705084.3549953,79.2330189999575
1786705084.4335117,78.47186000003603
1786705084.5111349,77.57725700002993
1786705084.5895298,78.35113900000579
1786705084.6679273,78.35549099991113
1786705084.745694,77.60594199999105
1786705084.8253682,79.47398099986458
1786705084.9035056,77.96914200002902
1786705084.9814365,77.75884700004099
1786705085.0605087,78.90119000012419
1786705085.1504989,89.94551599994338
1786705085.248079,97.53863299988552
1786705085.345801,97.67711300014525
1786705085.4245152,78.66745199999059
1786705085.503151,78.58997099992848
1786705085.5827029,79.50555599995823
1786705085.6607642,78.01621699991301
1786705085.7448766,84.07038500013186
1786705085.82299,78.06662400003006
1786705085.901383,78.34845499996845
1786705085.9808788,79.44766700006767
1786705086.0607052,79.72718399992118
1786705086.1396775,78.87758100014253
1786705086.2191653,79.18380099999922
1786705086.2985168,79.26165200001378
1786705086.3779747,79.36279999989893
1786705086.4580162,79.75892600006773
1786705086.5367754,78.71369400004369
1786705086.615777,78.95698800007267
1786705086.6944911,78.66938000006485
1786705086.7754655,80.72730600019895
1786705086.8559716,80.40921599990725
1786705086.9357522,79.48089100000288
1786705087.015838,79.99362700002166
1786705087.094343,78.45751200011364
1786705087.1758952,81.24835800003893
1786705087.2540927,78.11064600014106
1786705087.348689,94.25444400017113
1786705087.443289,94.54797800003689
1786705087.534844,91.50789499994971
1786705087.613749,78.792046999979
1786705087.693865,80.07366400011051
1786705087.7725015,78.48006799986251
1786705087.852013,79.39991199987162
1786705087.931889,79.83072199999697
1786705088.0114768,79.54296600019006
1786705088.090014,78.4930140000597
1786705088.1688716,78.81282500011366
1786705088.249185,80.26983099989593
1786705088.3285997,79.34241300017675
1786705088.4080324,79.30098800011365
1786705088.486277,78.16120199981924
1786705088.565273,78.94508399999722
1786705088.644398,79.08036000003449
1786705088.722522,78.0810730000212
1786705088.8010814,78.51221700002498
1786705088.8797452,78.60534599990388
1786705088.9580495,78.26068300005318
1786705089.0369077,78.81003000011333
1786705089.115684,78.73103099996115
1786705089.1947844,79.05445500000496
1786705089.2733858,78.55740399986644
1786705089.352211,78.77838299987161
1786705089.4306126,78.27074000010725
1786705089.520574,89.91809700000886
1786705089.6136205,93.0064950000542
1786705089.7104785,96.81575700005851
1786705089.7901187,79.59715400011191
1786705089.8692372,79.07167700000173
1786705089.9481776,78.89893799983838
1786705090.0264323,78.21196299983058
1786705090.105172,78.69786700007353
1786705090.1858432,80.62912700006564
1786705090.2649229,79.03632700003982
1786705090.3450606,80.09481700014476
1786705090.422779,77.67658000011579
1786705090.5015872,78.76718099987556
1786705090.5816019,79.972448000035
1786705090.662019,80.37542600004599
1786705090.7405975,78.53744299995924
1786705090.8186452,78.00555900007566
1786705090.896964,78.27718599992295
1786705090.9759104,78.90336499986006
1786705091.0559728,80.02211500001977
1786705091.1342978,78.28055699997094
1786705091.214351,80.00965299993368
1786705091.294211,79.79330400007711
1786705091.3735375,79.28441900003236
1786705091.451703,78.1272629999421
1786705091.5303679,78.62183199995343
1786705091.608609,78.1757249999373
1786705091.6908631,82.21159599997918
1786705091.787594,96.66548499990313
1786705091.88748,99.83958700013318
1786705091.9649177,77.39325100010319
1786705092.0451684,80.20844899988333
1786705092.1228595,77.64704600003824
1786705092.2018013,78.89853400001812
1786705092.2799144,78.06817200003024
1786705092.3578827,77.9269510001086
1786705092.4364202,78.49498300015512
1786705092.5151856,78.72277699993901
1786705092.5942512,79.02212700014388
1786705092.672052,77.75811900000917
1786705092.7503126,78.21179999996275
1786705092.829505,79.14819899997383
1786705092.908565,79.01618200003213
1786705092.9875803,78.9722750000692
1786705093.0653338,77.7107320000141
1786705093.1443477,78.97296199985249
1786705093.222756,78.36470799998096
1786705093.3018248,79.02640599991173
1786705093.3793378,77.46943799998007
1786705093.458649,79.26695900005143
1786705093.538657,79.96419300002344
1786705093.6171176,78.41774400003487
1786705093.6950045,77.84186100002444
1786705093.7725747,77.52408600003946
1786705093.8506007,77.98089699986122
1786705093.9456697,95.025928999803
1786705094.0503485,104.60069600003408
1786705094.1295772,79.09044300004098
1786705094.210506,80.885723999927
1786705094.2889507,78.40104199999587
1786705094.3690345,80.02828700000464
1786705094.4476352,78.55429999995067
1786705094.5269253,79.24314600018079
1786705094.6050072,78.03106399978788
1786705094.684142,79.08592500007217
1786705094.7628167,78.62824400012869
1786705094.8426785,79.81401100005314
1786705094.9214895,78.76420599995981
1786705094.9997833,78.24935799999366
1786705095.0787408,78.91135399995619
1786705095.1582115,79.42494200005967
1786705095.2374694,79.21220299999732
1786705095.3158376,78.32102599991231
1786705095.3947215,78.83742800004256
1786705095.4740052,79.23833299992111
1786705095.5518842,77.83545699999195
1786705095.630455,78.52796900010617
1786705095.7095942,79.095056000142
1786705095.7897325,80.093159000171
1786705095.868872,79.09438999990925
1786705095.9484823,79.56342199986466
1786705096.0269575,78.4305999998196
1786705096.1335647,106.56116600011956
1786705096.2338388,100.22798099998909
1786705096.3138428,79.95314199979475
1786705096.3940003,80.10784499992951
1786705096.474513,80.46272999990833
1786705096.5530975,78.53635900005429
1786705096.6311574,78.0097519998435
1786705096.7105985,79.39285099996596
1786705096.789646,78.99778099999821
1786705096.8675485,77.85406899984082
1786705096.9464273,78.83165299995198
1786705097.0257707,79.29801900013445
1786705097.1044452,78.62517500007016
1786705097.1851592,80.66771199992218
1786705097.2631488,77.94075399988287
1786705097.3418965,78.69937800001026
1786705097.4221895,80.24558600004639
1786705097.5062664,84.03125599988925
1786705097.5865383,80.22299300000668
1786705097.6658626,79.27663099985693
1786705097.745588,79.67627600010019
1786705097.8237722,78.13697500000671
1786705097.903164,79.34144599994397
1786705097.9815414,78.3317509999506
1786705098.059893,78.30495600001086
1786705098.1385062,78.5687869999947
1786705098.2191265,80.5740840000908
1786705098.3196464,100.47407600018232
1786705098.4257634,106.07056300000295
1786705098.505037,79.23018900009993
1786705098.5834,78.31225300014921
1786705098.662346,78.90128500002902
1786705098.7428734,80.46058599984462
1786705098.822993,80.06981100015764
1786705098.902407,79.34366900008172
1786705098.981135,78.68093499996576
1786705099.0594387,78.25677200003156
1786705099.1384523,78.96585999992567
1786705099.2176218,79.12102399996002
1786705099.295571,77.90866499999538
1786705099.3744082,78.79095399994185
1786705099.4531045,78.64751000010983
1786705099.5335326,80.38001399995665
1786705099.6169782,83.40330200007884
1786705099.696088,79.06341400007477
1786705099.774979,78.84780500012312
1786705099.8551314,80.10707199991884
1786705099.935568,80.39082799996322
1786705100.0148718,79.08204400018803
1786705100.094613,79.69770699992296
1786705100.1755111,80.85658499999226
1786705100.2554073,79.85407599994687
1786705100.3341026,78.65012299998853
1786705100.4137824,79.6327250000104
1786705100.5158296,101.99967700009438
1786705100.6161945,100.31459900005757
1786705100.6954706,79.23097000002599
1786705100.775558,80.04112899993743
1786705100.8547106,79.10580399993705
1786705100.9335911,78.83647299991026
1786705101.0131552,79.51785699992797
1786705101.0924883,79.28819299991119
1786705101.1722572,79.724097000053
1786705101.2509973,78.69741999979851
1786705101.329745,78.70669800013275
1786705101.4081607,78.3722010000929
1786705101.4866965,78.49264399987987
1786705101.565844,79.10495400005857
1786705101.6444025,78.51605199994083
1786705101.7232373,78.79199299986794
1786705101.8019588,78.67751300000236
1786705101.880786,78.78384599985111
1786705101.9595003,78.67180900007043
1786705102.0379446,78.39877599985812
1786705102.11797,79.98068900019462
1786705102.196314,78.30070299996805
1786705102.275031,78.67420000002312
1786705102.354236,79.16163900017636
1786705102.4323337,78.05576000009751
1786705102.511329,78.95106700016186
1786705102.589608,78.2359820000238
1786705102.6809554,91.29927499998303
1786705102.7748785,93.6662910000905
1786705102.8684769,93.55166200020903
1786705102.9477444,79.22069500000362
1786705103.026835,79.04791900000419
1786705103.1067798,79.90159700011645
1786705103.1870773,80.25516799989418
1786705103.2659202,78.79945900003804
1786705103.3447986,78.83388499999455
1786705103.424421,79.57913800009919
1786705103.5031507,78.68636800003515
1786705103.5816371,78.4447779999482
1786705103.6613078,79.62850800004162
1786705103.7400525,78.6974969998937
1786705103.8189452,78.8441629999852
1786705103.897289,78.29700100000991
1786705103.9760957,78.75988599994344
1786705104.05562,79.47500999989643
1786705104.1347063,79.04308799993487
1786705104.2141364,79.38375200001246
1786705104.292278,78.09483699998054
1786705104.3721454,79.8201009999957
1786705104.451205,79.01390300003186
1786705104.5296395,78.38924299994687
1786705104.6079755,78.29157700007272
1786705104.6874418,79.42080699990584
1786705104.7678452,80.36163199994917
1786705104.8583646,90.47589600004358
1786705104.9551356,96.70432300003995
1786705105.0479038,92.72650600019006
1786705105.1262372,78.28929999982392
1786705105.2054038,79.12373699991804
1786705105.2841563,78.70362999983627
1786705105.3641758,79.97085899978629
1786705105.4429796,78.70877799996379
1786705105.5215523,78.53348300000107
1786705105.601418,79.81967599994277
1786705105.6803203,78.8596840000082
1786705105.7594543,79.08999700021013
1786705105.8384726,78.97507200004839
1786705105.9180295,79.51258599996436
1786705105.9972131,79.14103300004172
1786705106.077109,79.85062099987772
1786705106.156096,78.94177799994395
1786705106.2354171,79.27318099996228
1786705106.314095,78.63350200000241
1786705106.3929064,78.76831600015066
1786705106.4729495,80.00052800002777
1786705106.5561745,83.18137099990963
1786705106.6357663,79.5467349998944
1786705106.7151775,79.36616300003152
1786705106.7939565,78.73566800003573
1786705106.8724663,78.46313300001384
1786705106.9513628,78.85155600001781
1786705107.0403376,88.93237600000248
1786705107.1388028,98.41581299997415
1786705107.2343576,95.4876719999902
1786705107.3123403,77.92021399995974
1786705107.3914359,79.05083299988291
1786705107.470446,78.96159300003092
1786705107.5484827,77.89808400002585
1786705107.6273732,78.83744600007958
1786705107.706792,79.37581200008026
1786705107.784807,77.9721009998866
1786705107.863263,78.4141719998388
1786705107.9424415,79.13544400003047
1786705108.0215275,79.01596400006383
1786705108.100373,78.56154199998855
1786705108.1801703,79.75345799991373
1786705108.259365,79.1503709999688
1786705108.338465,79.05609399995228
1786705108.418541,80.03147499994157
1786705108.4967244,78.14186099994913
1786705108.575706,78.93652000007023
1786705108.653897,78.14789799999744
1786705108.736769,82.82658000007359
1786705108.8159866,79.09664900012103
1786705108.8944519,78.3340819998557
1786705108.9735062,78.92509499993139
1786705109.0528991,79.34611099994981
1786705109.132473,79.52575799981787
1786705109.2290967,96.48907499990855
1786705109.3254607,96.29390999998577
1786705109.4167976,91.29099000006136
1786705109.4958968,78.95348500005639
1786705109.5746632,78.72059899978012
1786705109.6529498,78.24314000004051
1786705109.7314122,78.41532299994469
1786705109.8108642,79.30946300007236
1786705109.8901255,79.21922299988182
1786705109.9691215,78.9525960001356
1786705110.048664,79.49992600015321
1786705110.126945,78.2395850001194
1786705110.2069368,79.94951499995295
1786705110.2848587,77.87660700000743
1786705110.363686,78.78356199989867
1786705110.4425335,78.77396999992925
1786705110.521046,78.46717600000375
1786705110.599689,78.59874900009345
1786705110.678558,78.82593199997245
1786705110.7569017,78.29893699999957
1786705110.8356543,78.66726699990068
1786705110.914478,78.68928499988215
1786705110.9930334,78.4269729999778
1786705111.0720792,78.90034000001833
1786705111.150995,78.76411899997038
1786705111.231727,80.58025200011798
1786705111.310924,79.1191539999545
1786705111.4046483,93.6841390000609
1786705111.504903,100.10397299993201
1786705111.5985272,93.57941800021763
1786705111.6770618,78.48765799985813
1786705111.7556708,78.56373200002054
1786705111.8343322,78.61402799994721
1786705111.912852,78.4747329998936
1786705111.9929748,80.0773119999576
1786705112.0718281,78.80645400018693
1786705112.1511428,79.27009700006238
1786705112.2317414,80.55495700000392
1786705112.311521,79.73538999999619
1786705112.3900423,78.47862299990993
1786705112.4687457,78.65910299983625
1786705112.5472832,78.49338200003331
1786705112.6270635,79.7364820000439
1786705112.7065353,79.42894899997555
1786705112.7849746,78.39504999992641
1786705112.8635976,78.57982600012292
1786705112.9416695,78.02736700000423
1786705113.0205016,78.7882869999521
1786705113.0993974,78.85008400012339
1786705113.1792629,79.82218699999066
1786705113.2572496,77.9427030001898
1786705113.3361213,78.82882500007327
1786705113.4147248,78.56071600008363
1786705113.492923,78.15479299983963
1786705113.580121,87.1252720000939
1786705113.6823363,102.16984800013051
1786705113.7736838,91.1410530000012
1786705113.8532598,79.5306709999295
1786705113.931998,78.69036400006735
1786705114.0102649,78.21999699990556
1786705114.0891461,78.83304899996801
1786705114.1681569,78.96626999990985
1786705114.247725,79.52195100006065
1786705114.3253045,77.53285700005108
1786705114.4041953,78.8422329999321
1786705114.4833941,79.1511200000059
1786705114.5614185,77.9794079999192
1786705114.6395218,78.05857399989691
1786705114.7173467,77.7762249999796
1786705114.7954285,78.03483300017433
1786705114.8744261,78.94975199997134
1786705114.9535227,79.05267699993601
1786705115.0319145,78.34477599999445
1786705115.1101878,78.22825900007047
1786705115.1894412,79.20812100019248
1786705115.268412,78.92429000003176
1786705115.3471105,78.65201399999933
1786705115.4253955,78.23974100006126
1786705115.5048952,79.45465600005264
1786705115.583558,78.61744100000578
1786705115.662606,79.00203000008332
1786705115.7555864,92.79928299997664
1786705115.85208,96.44782599980317
1786705115.9457557,93.62968400000682
1786705116.0252001,79.39584199993988
1786705116.1044674,79.21960399994532
1786705116.1859787,81.46595499988507
1786705116.2645555,78.52242499984641
1786705116.3434842,78.87897699993118
1786705116.4226966,79.16629000010289
1786705116.5024621,79.58324900005209
1786705116.581059,78.55355400010922
1786705116.659611,78.50785099981294
1786705116.7376285,77.97418800009837
1786705116.8185751,80.90301500010355
1786705116.8978171,79.19775200002732
1786705116.9759657,78.1046500001139
1786705117.0559552,79.94667299999492
1786705117.1356,79.60213899991686
1786705117.216398,80.7542029999695
1786705117.2960205,79.57608300011998
1786705117.3739395,77.87496800006011
1786705117.4528677,78.88186700006372
1786705117.537441,84.52750500009643
1786705117.6170864,79.5994160000646
1786705117.6958025,78.53518499996426
1786705117.7739568,78.1088369999452
1786705117.8535893,79.58726800006843
1786705117.9428835,89.24848300011945
1786705118.0378208,94.75158500004
1786705118.1335442,95.6793379998544
1786705118.2148166,81.2294039999415
1786705118.2933214,78.46005800001876
1786705118.371921,78.55527900005654
1786705118.4516318,79.66602900000908
1786705118.5298128,78.13861599993288
1786705118.6082666,78.4098910000921
1786705118.6864233,78.11398599983477
1786705118.7645247,78.05878299996039
1786705118.8444397,79.87237899988031
1786705118.9221478,77.6659529999506
1786705119.000445,78.25448499988852
1786705119.0796473,79.15705300001719
1786705119.1579623,78.27272700001231
1786705119.2375689,79.56303100013429
1786705119.3160062,78.39468900010615
1786705119.3944466,78.39670700013812
1786705119.4740927,79.6010120000119
1786705119.552986,78.84922299990649
1786705119.6308641,77.83658199991805
1786705119.7095034,78.59433599992371
1786705119.7882946,78.7497420001273
1786705119.8676813,79.34379200014519
1786705119.9474168,79.69352999998591
1786705120.0258815,78.42126299988195
1786705120.111528,85.60120299989649
1786705120.2101724,98.5957419998158
1786705120.310736,100.51793000002363
1786705120.3900573,79.27651599993624
1786705120.4696093,79.5075139999426
1786705120.547719,78.06548899998234
1786705120.6266572,78.8945199999489
1786705120.705781,79.07961099999739
1786705120.7847307,78.9077230001567
1786705120.862824,78.0501940000704
1786705120.9419696,79.10331400012183
1786705121.0203702,78.35472800002208
1786705121.0991936,78.78029900007277
1786705121.1789505,79.71384699999362
1786705121.257187,78.19237800003975
1786705121.3371615,79.93088199987142
1786705121.4175334,80.32860200000869
1786705121.4980974,80.5201919999945
1786705121.576628,78.48735700008547
1786705121.6567914,80.11993699983577
1786705121.7352958,78.46008000001348
1786705121.8141055,78.66628200008563
1786705121.8933415,79.1899440000634
1786705121.9729075,79.51733000004424
1786705122.0523882,79.43523899984939
1786705122.131663,79.2314450000049
1786705122.2121212,80.4153240001142
1786705122.3091617,96.99585199996363
1786705122.4064536,97.0131849999234
1786705122.4983385,91.84428300000036
1786705122.5769641,78.58428400004414
1786705122.6550293,78.02245499988203
1786705122.7333748,78.20947199979855
1786705122.8118248,78.31063799994809
1786705122.890176,78.30622999995285
1786705122.9685574,78.32943400012482
1786705123.0486782,80.07708700006333
1786705123.1279824,79.13170699998773
1786705123.2072396,79.08702100007758
1786705123.2856255,78.21404700007406
1786705123.3638077,78.01055000004453
1786705123.4425354,78.55530400001953
1786705123.521042,78.33756500008349
1786705123.5988173,77.6019229999747
1786705123.678522,79.53473999987182
1786705123.757171,78.59935900000892
1786705123.8364081,79.0988919998199
1786705123.9146755,78.11834500012083
1786705123.9938474,79.0111149999575
1786705124.0729198,78.90602499992383
1786705124.1516714,78.70730400009052
1786705124.2302916,78.5736390000693
1786705124.3084257,78.0892530001438
1786705124.3876085,79.14011499997287
1786705124.4697664,82.11384999981419
1786705124.5714948,101.6569260000324
1786705124.6808279,109.28528899989942
1786705124.7603142,79.43846500006657
1786705124.8390656,78.70487800005321
1786705124.9184794,79.36633500003154
1786705124.9989057,80.38099300006252
1786705125.0790048,80.05388599985963
1786705125.1585991,79.55105800010642
1786705125.2379527,79.30604100010896
1786705125.3166826,78.68543499989755
1786705125.395357,78.63180599997577
1786705125.4750183,79.61953799986077
1786705125.5536888,78.6267510000016
1786705125.6334884,79.75642600013089
1786705125.71373,80.19677499987665
1786705125.7932048,79.43165200003932
1786705125.8722837,79.03485800011367
1786705125.951275,78.94863699993948
1786705126.0300984,78.77952700005153
1786705126.109019,78.87769400008438
1786705126.190253,81.19215700003224
1786705126.2696784,79.33752400003868
1786705126.3511262,81.2699519999569
1786705126.4317703,80.59531000003517
1786705126.511,79.17972899986125
1786705126.5909793,79.74929800002428
1786705126.6709569,79.93538899995656
1786705126.7682247,97.2263189999012
1786705126.8614864,93.17250099979901
1786705126.9538655,92.29187799996907
1786705127.0352507,81.33989699990707
1786705127.1152205,79.89903799989406
1786705127.1956506,80.38497999996252
1786705127.275577,79.88340999986576
1786705127.3541677,78.54343899998639
1786705127.433191,78.97676800007503
1786705127.5119374,78.69586399988293
1786705127.5903609,78.37614400000348
1786705127.6692317,78.79943700004333
1786705127.7487228,79.44424700008312
1786705127.828029,79.25695199992333
1786705127.9067302,78.65323499981969
1786705127.985467,78.68901200004075
1786705128.0636983,78.18807299986474
1786705128.1427786,79.03249199989659
1786705128.2219942,79.1729719999239
1786705128.3000216,77.98424200018417
1786705128.3789308,78.86436400008279
1786705128.4577622,78.78740099999959
1786705128.5367236,78.91803000006803
1786705128.6150944,78.32484999994449
1786705128.6945055,79.36658199992053
1786705128.7738788,79.32652699992104
1786705128.8514955,77.56900499998665
1786705128.9402049,88.66030100011812
1786705129.035284,95.0351750000209
1786705129.1304767,95.15221099991322
1786705129.2104945,79.97315199986588
1786705129.2903767,79.8378380000031
1786705129.3712838,80.83855299992138
1786705129.4499068,78.57807100003811
1786705129.5293097,79.35476800003016
1786705129.6179512,88.59324800005197
1786705129.6980405,80.04180000011729
1786705129.7769296,78.83138400006828
1786705129.8553631,78.3863139999994
1786705129.9340684,78.6550889999944
1786705130.0126672,78.55223799992928
1786705130.0915363,78.8239399998929
1786705130.1712584,79.68115599987868
1786705130.2504325,79.13105000011456
1786705130.329014,78.53474000012284
1786705130.4075055,78.44562900004348
1786705130.4869328,79.38241699980608
1786705130.5652752,78.29653699991468
1786705130.6436577,78.3403890000045
1786705130.723309,79.6134519998759
1786705130.802197,78.84238500014362
1786705130.8813822,79.13945700011027
1786705130.9595459,78.11992800020562
1786705131.0382123,78.62064699997973
1786705131.129874,91.61583599984624
1786705131.2233694,93.45154400011779
1786705131.32062,97.21025399994687
1786705131.4006884,80.00176599989572
1786705131.478929,78.14896599984422
1786705131.5572357,78.21272499995757
1786705131.6360705,78.73918399991453
1786705131.7155297,79.36188200005745
1786705131.7952037,79.58375099997284
1786705131.873308,78.04620799993245
1786705131.9522893,78.90786699999808
1786705132.0307534,78.36894599995503
1786705132.1107268,79.88745300008304
1786705132.1909533,80.11376599984033
1786705132.269253,78.25796700012688
1786705132.348247,78.9498869999079
1786705132.4277308,79.44084599989765
1786705132.5060046,78.22848499995416
1786705132.5847156,78.66720400011218
1786705132.66369,78.9305719999902
1786705132.741798,78.06372699997155
1786705132.8212488,79.40843800020048
1786705132.8997295,78.43583499993656
1786705132.977341,77.56730599999173
1786705133.055593,78.2087270001739
1786705133.1346335,78.99855400000888
1786705133.214159,79.48264200013
1786705133.2925045,78.13911700009157
1786705133.4011788,108.54319999998552
1786705133.4975724,96.0378770000716
1786705133.5767033,78.82362999998804
1786705133.6556373,78.47429999992528
1786705133.734947,79.0262390000862
1786705133.8140035,78.75176000015927
1786705133.8925002,78.44635500009645
1786705133.9712145,78.56172500009961
1786705134.050778,79.4186630000695
1786705134.129563,78.74435400003676
1786705134.2096305,79.9274560001777
1786705134.2883532,78.40726399990672
1786705134.368505,79.84121499998764
1786705134.44737,78.72029800000746
1786705134.5264962,78.99283300002935
1786705134.6063173,79.68804999995882
1786705134.684226,77.86334299998998
1786705134.7634819,79.20934999992824
1786705134.842274,78.51261499990869
1786705134.9206386,78.31785700000182
1786705134.9989812,78.29915399997844
1786705135.0788765,79.63873699986834
1786705135.1576238,78.61374499998419
1786705135.2376833,80.01430800004528
1786705135.317372,79.64697700003853
1786705135.395874,78.27352499998597
1786705135.487637,91.71749000006457
1786705135.5831804,95.49764400003369
1786705135.6807067,97.48434999983147
1786705135.7594488,78.69605900009446
1786705135.8384423,78.94607599996561
1786705135.9183507,79.8630869999215
1786705135.9977512,79.332721000128
1786705136.0762768,78.4803029998784
1786705136.1554594,79.13581600018915
1786705136.2359521,80.445286999975
1786705136.3148754,78.8772630000949
1786705136.3935869,78.66317200000594
1786705136.4721766,78.54356200004986
1786705136.550922,78.69817200003126
1786705136.631333,80.36510300007649
1786705136.7113035,79.92368000009265
1786705136.7902212,78.87233599990395
1786705136.8688407,78.57226600003742
1786705136.9482188,79.33124100009081
1786705137.0281487,79.88112499992894
1786705137.1080115,79.81599700019615
1786705137.1882305,80.17288299993197
1786705137.2674336,79.1575030000331
1786705137.3465,79.02011500004846
1786705137.4253244,78.77922800003034
1786705137.5051823,79.8105899998518
1786705137.588207,82.97363799988489
1786705137.6740775,85.82194900009199
1786705137.7705264,96.39388000005056
1786705137.8659997,95.42298099995605
1786705137.9449475,78.90226399990752
1786705138.0240843,79.08974399992985
1786705138.102955,78.82326499998271
1786705138.1828887,79.88842400004614
1786705138.2608693,77.93410599992967
1786705138.3403635,79.44753800006765
1786705138.4191566,78.74759900005301
1786705138.49725,78.04695700019693
1786705138.5761387,78.84289499997976
1786705138.6553829,79.19902100002219
1786705138.7333312,77.90125499991518
1786705138.812137,78.75972900001216
1786705138.8914335,79.25233700007084
1786705138.9701095,78.6345449998862
1786705139.048659,78.50813899995046
1786705139.1271513,78.44889900002272
1786705139.207787,80.59517800006688
1786705139.2880254,80.19510799999807
1786705139.3678484,79.78127700016557
1786705139.4462922,78.39551100005338
1786705139.5244246,78.08456999987357
1786705139.60423,79.75785199982965
1786705139.6828117,78.53339899997991
1786705139.761851,78.99139500000274
1786705139.8499422,88.04871100005585
1786705139.9446428,94.65332400009174
1786705140.0406687,95.97899899995355
1786705140.1204393,79.72242800019558
1786705140.2004964,80.01133300012953
1786705140.2793956,78.85175000001254
1786705140.3572173,77.77583200004301
1786705140.435942,78.6772869998913
1786705140.516014,80.02625899985105
1786705140.595608,79.54665099987324
1786705140.67395,78.29093899999862
1786705140.7522,78.20553300007305
1786705140.8306355,78.39382699989983
1786705140.9088874,78.20925399983025
1786705140.9875696,78.63712100015618
1786705141.0653417,77.72672300006889
1786705141.1439514,78.568475000111
1786705141.224096,80.10222200005046
1786705141.3042817,80.14244400010284
1786705141.3828456,78.51738399995156
1786705141.4608843,77.99303599995255
1786705141.5394983,78.56582700014769
1786705141.6185653,79.0173790001063
1786705141.6966705,78.05940499997632
1786705141.7758067,79.09143400001994
1786705141.8533082,77.45911400002115
1786705141.932196,78.84560299999066
1786705142.0216181,89.38027699991835
1786705142.1205046,98.77707300006477
1786705142.2170892,96.54092400000991
1786705142.2956598,78.5297540001011
1786705142.3735676,77.87218499993287
1786705142.4517167,78.10675799987621
1786705142.5292077,77.44737400003032
1786705142.607388,78.13811000005444
1786705142.68576,78.33036800002446
1786705142.7631721,77.37007900004755
1786705142.8410594,77.84311199998228
1786705142.9182584,77.15158099995278
1786705142.9954557,77.15482100002191
1786705143.073183,77.68548399985775
1786705143.1509264,77.70118799999182
1786705143.2292037,78.23638800005028
1786705143.3071961,77.94935300012185
1786705143.3847892,77.5521900000058
1786705143.4625533,77.72215199997845
1786705143.5415194,78.92530800017994
1786705143.6192064,77.64441099993746
1786705143.6971512,77.90292799995768
1786705143.7761047,78.91047499992965
1786705143.854443,78.29701699984071
1786705143.9322767,77.79137300008188
1786705144.0098984,77.57906000006187
1786705144.0888703,78.93029100000604
1786705144.1665006,77.58541299995159
1786705144.2670531,100.50943200008078
1786705144.3730838,105.96840599987445
1786705144.4516237,78.49320199989052
1786705144.5295336,77.86581799996384
1786705144.6092558,79.68024799993145
1786705144.6877143,78.41405399994983
1786705144.767031,79.27354699995703
1786705144.8457136,78.64066399997682
1786705144.9242744,78.5173679998934
1786705145.0040603,79.74359900003947
1786705145.0851214,80.94388699987576
1786705145.1632643,78.10039100013455
1786705145.2440412,80.73455600015222
1786705145.3230839,78.9996070000143
1786705145.4015186,78.3376300000782
1786705145.4812088,79.59463899987895
1786705145.5597486,78.49731399983284
1786705145.6392233,79.3877880000764
1786705145.7215931,82.3271899998872
1786705145.8012528,79.57099000009293
1786705145.8793287,78.00979900002858
1786705145.959517,80.09533900008137
1786705146.037992,78.43264899997848
1786705146.1171436,79.05734800010578
1786705146.1989293,81.69591899991246
1786705146.2773883,78.3629640000072
1786705146.3577218,80.23876399988694
1786705146.4596484,101.88281300020208
1786705146.5642312,104.53986600009557
1786705146.643932,79.63300999995226
1786705146.7228029,78.82927600007861
1786705146.8030634,80.21815400002197
1786705146.8826594,79.55319600000621
1786705146.961844,79.04121799992936
1786705147.041518,79.58401099995172
1786705147.1213558,79.77314000004299
1786705147.201168,79.71019499996146
1786705147.2842755,82.97702200002277
1786705147.3645835,80.19813600003545
1786705147.4441304,79.4458279999617
1786705147.523934,79.70865799984495
1786705147.6024792,78.50365000012971
1786705147.6823568,79.83465799998157
1786705147.762365,79.87689800006592
1786705147.8420525,79.60310400017079
1786705147.9226437,80.40841199999704
1786705148.001569,78.81440599999223
1786705148.080755,79.14036800002577
1786705148.1600845,79.2326820001108
1786705148.2408984,80.54572700007157
1786705148.3190582,78.06072900007166
1786705148.3987,79.58138300000428
1786705148.4783075,79.49384699986695
1786705148.566912,88.5614409999107
1786705148.6600425,92.89542499982417
1786705148.7687898,108.5845589998371
1786705148.8480752,79.23388599988357
1786705148.9258637,77.69110200001705
1786705149.0044665,78.50489200018274
1786705149.0850744,80.50961699996151
1786705149.164948,79.83177100004468
1786705149.2449183,79.9112890001652
1786705149.3235283,78.56492899986733
1786705149.4022176,78.6437990000195
1786705149.480888,78.58342899999116
1786705149.5598953,78.96153799993044
1786705149.638511,78.57278099982068
1786705149.71653,77.89252699990357
1786705149.7952561,78.62894799995956
1786705149.8801658,84.80513900008191
1786705149.9581943,77.95549000002211
1786705150.0364528,78.17035899984148
1786705150.1149998,78.49774600003911
1786705150.1952193,80.15341800000897
1786705150.2750182,79.73151400005918
1786705150.3540974,78.98303800016038
1786705150.432352,78.2133039999735
1786705150.5113013,78.90439100015101
1786705150.590536,79.18957399988358
1786705150.6683476,77.7662150001106
1786705150.7462275,77.72804799992628
1786705150.861921,115.64528400003837
1786705150.9581604,96.19830899987392
1786705151.0361698,77.96969500009254
1786705151.1143389,78.12484299984135
1786705151.194676,80.14462400001321
1786705151.2724798,77.75980799988247
1786705151.350723,78.20013799982917
1786705151.4284644,77.69766100000197
1786705151.5074878,78.851966000002
1786705151.5859287,78.26467500012768
1786705151.6639464,77.83793800012972
1786705151.7428045,78.81670799997664
1786705151.8221772,79.2019089999485
1786705151.9014401,79.22000100006699
1786705151.979624,78.14049100011289
1786705152.0588968,79.23052000001007
1786705152.1381655,79.22389099985594
1786705152.2181938,79.98368099993058
1786705152.295764,77.52853299984963
1786705152.3744555,78.64756200001466
1786705152.4537013,79.20150199993259
1786705152.5326827,78.93554099996436
1786705152.6102343,77.50721899992641
1786705152.689176,78.75519100002748
1786705152.7679524,78.59791400005633
1786705152.8465188,78.30519399999503
1786705152.94877,102.16194999998152
1786705153.040111,90.9640769998532
1786705153.1332805,93.12761499995759
1786705153.2141368,80.51386299985097
1786705153.2931752,78.68034099988108
1786705153.3723114,78.80328400005965
1786705153.450596,77.96347699991202
1786705153.5289738,78.28377000009823
1786705153.6085298,79.24639199995909
1786705153.686529,77.95549499996923
1786705153.765008,78.43430499997339
1786705153.8451614,80.10812500015163
1786705153.9229252,77.72073700016335
1786705154.0014713,78.50134199998138
1786705154.0815718,80.05797900000289
1786705154.160885,79.26894800016271
1786705154.2408097,79.8794810000345
1786705154.318925,78.07143900004121
1786705154.3985202,79.55070499997419
1786705154.4771318,78.56754699992052
1786705154.5562823,79.10672699995303
1786705154.6347084,78.38084400009393
1786705154.7135355,78.78180400007295
1786705154.7925062,78.92769199997929
1786705154.872302,79.75250099980258
1786705154.9506145,78.270104000012
1786705155.029094,78.4346780001215
1786705155.119019,89.8815509999622
1786705155.2158513,96.79294099987601
1786705155.3084226,92.52877199992326
1786705155.3878798,79.41483700005847
1786705155.466533,78.60971399986738
1786705155.545365,78.78915699984645
1786705155.625318,79.90846300003795
1786705155.7035625,78.19923600004586
1786705155.7829053,79.29900499993892
1786705155.8608344,77.88633099994513
1786705155.9387057,77.82705399995393
1786705156.0173512,78.60206600003039
1786705156.0968149,79.41887500010125
1786705156.1750805,78.221848000112
1786705156.2537084,78.58334499997
1786705156.3324246,78.67038100016543
1786705156.4109435,78.47678999996788
1786705156.489479,78.49332800014963
1786705156.5683386,78.8136209998811
1786705156.646729,78.34501399997862
1786705156.725751,78.97817499997473
1786705156.8048618,79.06613799991646
1786705156.882928,78.0215899999348
1786705156.9614768,78.50440199990771
1786705157.0410202,79.49635699992541
1786705157.1195803,78.51197700006196
1786705157.1984622,78.8330660000156
1786705157.2814867,82.97547799998028
1786705157.3811657,99.63505099995018
1786705157.4849129,103.6975380000058
1786705157.5710096,86.04878799997095
1786705157.6508055,79.70000400018762
1786705157.7307894,79.93477999980314
1786705157.8092618,78.42631000016809
1786705157.8886828,79.3724889999794
1786705157.9679325,79.20260100013365
1786705158.04685,78.75843800002258
1786705158.1255543,78.65642100000514
1786705158.2051322,79.53059999999823
1786705158.284009,78.82371599998805
1786705158.3627694,78.56908799999474
1786705158.441656,78.83897500005332
1786705158.5191581,77.45322699997814
1786705158.597964,78.758771999901
1786705158.6782956,80.2850939999189
1786705158.7579489,79.6063210000284
1786705158.836394,78.39803399997436
1786705158.9148965,78.45664499996019
1786705158.9938383,78.89612300004956
1786705159.0729938,79.10930800017013
1786705159.152667,79.62810000003628
1786705159.2318954,79.1809369998191
1786705159.310496,78.5546820000036
1786705159.3904145,79.87139400006527
1786705159.4742086,83.74569700004031
1786705159.5746636,100.41023299982044
1786705159.679219,104.50703499986957
1786705159.7594411,80.17750299995896
1786705159.8381827,78.69190299993534
1786705159.916902,78.67347799992785
1786705159.9956965,78.7470329998996
1786705160.0751655,79.42291699987436
1786705160.1536844,78.46927700006745
1786705160.2339876,80.2554469998995
1786705160.3135743,79.53787899987219
1786705160.3927827,79.16110500013929
1786705160.471497,78.66627499993228
1786705160.5494485,77.89894800021102
1786705160.6275258,78.03011400005744
1786705160.706032,78.45910999981243
1786705160.7851846,79.10395700014305
1786705160.8632452,78.0178170000454
1786705160.9418666,78.57751599999574
1786705161.0199075,77.99746500018045
1786705161.099047,79.09492099997806
1786705161.1790397,79.94971099992654
1786705161.2581291,79.04392099999313
1786705161.3379724,79.7995450000144
1786705161.4162552,78.23833599991303
1786705161.4967148,80.41463300014584
1786705161.5748231,78.06455900004039
1786705161.6535485,78.68070199992871
1786705161.7538211,100.22912600015843
1786705161.8407102,86.84199100002843
1786705161.9322484,91.49363899996388
1786705162.011308,79.01586599996335
1786705162.0901535,78.80264699997497
1786705162.1693635,79.16512499991768
1786705162.2483602,78.9530710001145
1786705162.327634,79.23064400006297
1786705162.4067929,79.11432900004911
1786705162.485536,78.70059199990465
1786705162.563591,78.01119000009749
1786705162.642322,78.68657299991355
1786705162.7198153,77.44576799996139
1786705162.798222,78.35942800011253
1786705162.8772697,79.00008899991917
1786705162.9555469,78.23216899987528
1786705163.0348065,79.21090300010292
1786705163.1135578,78.70516699995278
1786705163.192933,79.33236600001692
1786705163.272809,79.7092339998926
1786705163.3518286,78.97279399981016
1786705163.4300168,78.13770899997508
1786705163.5087032,78.63813099993422
1786705163.5874345,78.54192800004967
1786705163.6673477,79.86971400009679
1786705163.7475514,80.1602300000468
1786705163.8258452,78.24981899989325
1786705163.917937,92.04817499994533
1786705164.0135992,95.6181099998048
1786705164.1096559,96.01199700000507
1786705164.189886,80.18947200002913
1786705164.2686353,78.70709400003761
1786705164.3472886,78.60931799996251
1786705164.4262888,78.95749900012561
1786705164.5057456,79.41253400008463
1786705164.584108,78.31874499993319
1786705164.662724,78.57000299986794
1786705164.7413902,78.61842900001648
1786705164.81975,78.31268999984786
1786705164.8992789,79.48110600000291
1786705164.9791176,79.79103100001339
1786705165.058482,79.31659099995159
1786705165.1378767,79.35129399993457
1786705165.2183647,80.44472999995378
1786705165.2968147,78.38317200003075
1786705165.3766484,79.78623499980131
1786705165.454947,78.24887599986141
1786705165.5346153,79.62582899995141
1786705165.614812,80.15128800002458
1786705165.6939435,79.08881499997733
1786705165.771915,77.93086099991342
1786705165.850939,78.97988900003838
1786705165.9298608,78.8766119999309
1786705166.0081758,78.27174700014439
1786705166.0973527,89.13279400007923
1786705166.191824,94.42890100012846
1786705166.289305,97.43769300007443
1786705166.3677757,78.42678299994077
1786705166.4461615,78.3425619999889
1786705166.5256188,79.41464600003201
1786705166.6053348,79.67207000001508
1786705166.6838036,78.42619100006232
1786705166.762538,78.69050399995103
1786705166.8415923,79.01220500002637
1786705166.9201362,78.49800500002857
1786705166.9989684,78.78478099996755
1786705167.0782728,79.26133399996615
1786705167.1566327,78.31597099993814
1786705167.23636,79.6822009999687
1786705167.3158758,79.46946200013372
1786705167.3943174,78.39802600005896
1786705167.472336,77.97573199991348
1786705167.5513332,78.9515220001249
1786705167.6299257,78.54856199992355
1786705167.7082064,78.23671200003446
1786705167.7866712,78.42076599990833
1786705167.8650563,78.34198899990952
1786705167.9442127,79.11309499991148
1786705168.0242007,79.94247700003143
1786705168.1037378,79.49298100015767
1786705168.1838753,80.0935509998908
1786705168.2694345,85.51775000000816
1786705168.3645153,95.03206600015801
1786705168.4619288,97.37062200019864
1786705168.5407062,78.73433899999327
1786705168.6193013,78.55163699991863
1786705168.6980956,78.75074599996879
1786705168.776526,78.38582299996233
1786705168.8554566,78.88696800000616
1786705168.9342558,78.75665400001708
1786705169.0123165,78.01632600012454
1786705169.0921147,79.7544619999826
1786705169.171033,78.87454299998353
1786705169.2509193,79.83896199993978
1786705169.328676,77.70655200010879
1786705169.4074054,78.68341500011411
1786705169.485256,77.80344000002515
1786705169.5644183,79.11457800014432
1786705169.642996,78.52965699999004
1786705169.7208936,77.85019900006773
1786705169.7995434,78.5994530001517
1786705169.8785899,78.99943100005657
1786705169.956976,78.33826899991436
1786705170.0358894,78.86809899991931
1786705170.1143029,78.37008399997103
1786705170.1933246,78.9793210001335
1786705170.272076,78.70804499998485
1786705170.3506205,78.50321299997631
1786705170.428573,77.90725499990003
1786705170.5246813,96.06457900008536
1786705170.616706,91.98273900005915
1786705170.7086723,91.79564900000514
1786705170.7883115,79.59577900010117
1786705170.867143,78.7865069999043
1786705170.9460413,78.85387800001809
1786705171.0243847,78.30134499999986
1786705171.1033957,78.96565500004726
1786705171.184212,80.77312299997175
1786705171.2630036,78.74878699999499
1786705171.3408735,77.8274419999434
1786705171.4207876,79.86800100002256
1786705171.4996653,78.83513799993125
1786705171.57834,78.63071399992805
1786705171.6573188,78.93630399985341
1786705171.7357707,78.40814200017121
1786705171.8156214,79.80742700010524
1786705171.8936799,78.01373699999203
1786705171.9727252,79.00141499999336
1786705172.0512903,78.519900999936
1786705172.1289597,77.6273520000359
1786705172.2100306,81.02740000003905
1786705172.288466,78.39160499997888
1786705172.3678162,79.30959899999834
1786705172.446985,79.12609999993947
1786705172.5248957,77.86773900011212
1786705172.6034827,78.54464199999711
1786705172.6950006,91.47167299988723
1786705172.7875888,92.53853500013065
1786705172.8858178,98.1871209999099
1786705172.964187,78.32799499988141
1786705173.0431428,78.9173989999199
1786705173.1209342,77.74264899990158
1786705173.2006063,79.62335600018378
1786705173.2792842,78.63040099982754
1786705173.357162,77.82929600011812
1786705173.4366255,79.41682099999525
1786705173.515284,78.61369700003706
1786705173.5935025,78.17820099990058
1786705173.6721067,78.56093899999905
1786705173.75203,79.88089100012985
1786705173.830184,78.11186799995085
1786705173.908828,78.60134600014135
1786705173.9871922,78.31982900006551
1786705174.0654495,78.21631299998444
1786705174.1443412,78.84941900010745
1786705174.223712,79.32726700005333
1786705174.302303,78.54651399998147
1786705174.3807406,78.3944969998629
1786705174.4593852,78.60058699998262
1786705174.537091,77.66329899982338
1786705174.6156738,78.54182899995976
1786705174.6935632,77.84737100018901
1786705174.7747262,81.11877200008166
1786705174.8536644,78.86591900000894
1786705174.958781,104.8643510000602
1786705175.0673063,108.48626899996816
1786705175.1451435,77.79387300001872
1786705175.224252,79.06345500009593
1786705175.3038468,79.55172900005891
1786705175.3824909,78.60086599998795
1786705175.460866,78.3366279999882
1786705175.5398781,78.96927100000539
1786705175.6193779,79.45674799998415
1786705175.6978385,78.41744200004541
1786705175.779286,81.40427099988301
1786705175.8571963,77.86835299998529
1786705175.936497,79.2500459999701
1786705176.0151508,78.61201499986237
1786705176.093368,78.17420400010633
1786705176.1718442,78.43327599994154
1786705176.25103,79.1414000000259
1786705176.3294604,78.38768400006302
1786705176.408531,79.02399399995375
1786705176.486021,77.44424699990304
1786705176.5644581,78.39183200007938
1786705176.6432705,78.76725500000248
1786705176.7214031,78.08890799992696
1786705176.8004544,79.0076969999518
1786705176.8806226,80.12217100008456
1786705176.959355,78.688996999972
1786705177.0376043,78.20770500006802
1786705177.1418269,104.17793400006303
1786705177.2478523,105.9812729999976
1786705177.326706,78.81338500010315
1786705177.4044893,77.73885699998573
1786705177.4825413,78.00800299992261
1786705177.5691922,86.47708700004841
1786705177.6482842,79.02397699990615
1786705177.7278771,79.54704700000548
1786705177.8056028,77.61711600005583
1786705177.8842354,78.59118399983345
1786705177.9636235,79.32099199979348
1786705178.0437837,80.01358100000289
1786705178.121688,77.71696800000427
1786705178.2017689,79.9087299999428
1786705178.2801285,78.31455700011247
1786705178.3581579,77.92631899997104
1786705178.4380302,79.77880499993262
1786705178.5162027,78.02579999997761
1786705178.594638,78.36885200003962
1786705178.6737604,79.032793000124
1786705178.7539325,80.07185899987235
1786705178.8317761,77.79541200011408
1786705178.9102333,78.32935300007193
1786705178.9896834,79.28899400008049
1786705179.0689366,79.14836700001615
1786705179.1475832,78.55533399992964
1786705179.2267272,79.07910799985984
1786705179.334607,107.81650200010517
1786705179.4316933,97.04510199981087
1786705179.5106556,78.87110899991967
1786705179.5896053,78.86296099991341
1786705179.6681027,78.3130950001123
1786705179.7464268,78.0049490001602
1786705179.8258386,79.10514500008503
1786705179.9060328,79.95691599990096
1786705179.9854279,79.23627300010594
1786705180.0641527,78.42033599990827
1786705180.143866,79.19259000004786
1786705180.2225704,78.63831600002413
1786705180.3014784,78.84333299989521
1786705180.3806438,79.12431199997627
1786705180.45889,78.15763400003561
1786705180.5378184,78.85853700008738
1786705180.6167583,78.73992600002566
1786705180.6956632,78.8091849999546
1786705180.7741818,78.43811399993683
1786705180.853037,78.79285199987862
1786705180.931739,78.64092699992398
1786705181.0101647,78.23318999999174
1786705181.089449,79.1367019999143
1786705181.1681778,78.43852200016954
1786705181.2475233,79.28246000005856
1786705181.3257077,78.14400600000226
1786705181.4107037,84.94893700003558
1786705181.5065656,95.82046600007743
1786705181.6086113,101.88290199994299
1786705181.6861873,77.47978899988084
1786705181.7642453,78.01578500016149
1786705181.8430088,78.68976099985048
1786705181.922051,78.92755500006388
1786705182.0003886,78.29648599999928
1786705182.0796382,79.1161849999753
1786705182.1580703,78.3901159998095
1786705182.25577,97.63882399988688
1786705182.3346488,78.83709500015357
1786705182.4130933,78.35743100008585
1786705182.4919748,78.7852059997931
1786705182.5705483,78.53050499988967
1786705182.6500297,79.34655400003976
1786705182.729265,79.1896469997937
1786705182.8068855,77.55325300013283
1786705182.885067,78.1191730000046
1786705182.963695,78.56613300009485
1786705183.0419831,78.24632200004089
1786705183.1209764,78.95155699998213
1786705183.2006433,79.6008489999167
1786705183.2789526,78.24267399996643
1786705183.3584547,79.43907300000319
1786705183.4364104,77.892084000041
1786705183.5152757,78.8191149999875
1786705183.6012912,85.8827829999882
1786705183.7075942,106.25646499988761
1786705183.8019915,94.31201699999292
1786705183.8819714,79.93301399983466
1786705183.961529,79.51146100003825
1786705184.040767,79.19148199994197
1786705184.120473,79.58611000003657
1786705184.2004094,79.89042200006224
1786705184.2802043,79.74990499997148
1786705184.3596394,79.38924100017175
1786705184.4381318,78.35260000001654
1786705184.5174472,79.1750390001198
1786705184.5965042,78.91772600009972
1786705184.6763537,79.7981069999878
1786705184.7542806,77.88254800016148
1786705184.833008,78.68059699990226
1786705184.912079,79.02727999999115
1786705184.9909077,78.78613399998358
1786705185.0693862,78.43584100010048
1786705185.1483269,78.89741200006029
1786705185.2273278,78.95237499997165
1786705185.3060062,78.6291550000442
1786705185.3851206,78.97155999989991
1786705185.4643776,79.11444700016546
1786705185.5426168,78.09838100001798
1786705185.6214306,78.67821000013464
1786705185.7001908,78.62045100000614
1786705185.7888026,88.46893300005831
1786705185.8811865,92.34268199998041
1786705185.9837787,102.5467720000961
1786705186.0624037,78.42565700002524
1786705186.14196,79.4000569999298
1786705186.2202861,78.28384300000835
1786705186.297841,77.49596100006784
1786705186.3764858,78.60298999980841
1786705186.4546032,78.05043800021849
1786705186.5334,78.74872899992624
1786705186.611161,77.67856999998912
1786705186.6893504,77.93501299988748
1786705186.7679262,78.53348899993762
1786705186.847047,78.99945000008302
1786705186.9261644,79.0635780001594
1786705187.0047839,78.41602799999237
1786705187.0829,77.93282800002999
1786705187.1616766,78.73706300006234
1786705187.240681,78.82847100017898
1786705187.3186018,77.74797800016131
1786705187.3968732,78.08778999992683
1786705187.475553,78.63837900004
1786705187.5538096,78.21478999994724
1786705187.6324344,78.58304499995938
1786705187.710804,78.32725200000823
1786705187.7891564,78.30712200006928
1786705187.8684769,79.2122450000079
1786705187.9472718,78.68843400001424
1786705188.0465615,99.24613299995144
1786705188.1545947,107.99268100004156
1786705188.2349234,80.07362800003648
1786705188.3143961,79.28944900004353
1786705188.394339,79.56242799991742
1786705188.475816,81.15632399994865
1786705188.5561938,80.00881399993887
1786705188.6349998,78.76160099999652
1786705188.7155132,80.20712799998364
1786705188.795111,79.3244120000054
1786705188.874575,79.22743200015248
1786705188.954168,79.54863299983117
1786705189.0338752,79.66274299997167
1786705189.1130512,78.98302600005991
1786705189.1934757,80.24220200013588
1786705189.2733488,79.68046599989975
1786705189.35122,77.67568500003108
1786705189.4295406,78.19406999988132
1786705189.508825,79.20965499988597
1786705189.5877078,78.81143500003418
1786705189.6780884,90.33842400003778
1786705189.7572012,79.03135900005509
1786705189.8354375,78.14331100007621
1786705189.9139225,78.43251200006307
1786705189.9921677,78.19514300012997
1786705190.0705464,78.30977399999028
1786705190.156279,85.68068099998527
1786705190.2528284,96.50639900019087
1786705190.35435,101.36839900019368
1786705190.4334905,78.92406500013749
1786705190.511731,78.05527499999698
1786705190.5904331,78.51423400006752
1786705190.6692271,78.70739999998477
1786705190.747466,78.19182999992336
1786705190.8267903,79.27841500008981
1786705190.9072495,80.29585100007353
1786705190.9852142,77.88175800010322
1786705191.0639198,78.60217899997224
1786705191.1434612,79.49500599988824
1786705191.2234213,79.91494800012333
1786705191.302436,78.96778799999993
1786705191.381264,78.72515999997631
1786705191.4595802,78.27092299999094
1786705191.5380101,78.35668100005933
1786705191.6173332,79.10460199991576
1786705191.6954997,77.9734620000454
1786705191.7739992,78.38234799987731
1786705191.853901,79.70615300018835
1786705191.9331942,79.09695300008934
1786705192.011858,78.49517999989075
1786705192.0900297,77.96970399999736
1786705192.1689467,78.87523399995189
1786705192.2498035,80.65297999996801
1786705192.328678,78.67566100003387
1786705192.4296095,100.74683299990284
1786705192.52878,99.009715999955
1786705192.6131203,84.29939799998465
1786705192.6916537,78.48866299991641
1786705192.7712836,79.58650699993086
1786705192.8501925,78.86632700001428
1786705192.9291577,78.92249300016374
1786705193.0071952,77.99590800004808
1786705193.0857933,78.5546820000036
1786705193.1638212,77.96426099980636
1786705193.2429621,79.09599300000991
1786705193.3205888,77.57744899981844
1786705193.399162,78.52518300001066
1786705193.4775906,78.38394200007315
1786705193.5565526,78.91886500010514
1786705193.6349092,78.30588799993166
1786705193.7134607,78.50762700013547
1786705193.7918746,78.37083099980191
1786705193.8703334,78.30168400005277
1786705193.9488266,78.39436800009025
1786705194.0267081,77.83694599993396
1786705194.105503,78.75171799992131
1786705194.1848621,79.31541800007835
1786705194.263597,78.69162600013624
1786705194.3415008,77.86339200015391
1786705194.4196885,78.14440800007105
1786705194.498155,78.42251699980807
1786705194.5970476,98.84390399997756
1786705194.690062,92.96937399994931
1786705194.7889948,98.89336700007334
1786705194.867916,78.87658799995734
1786705194.9459763,78.01659400001881
1786705195.0235815,77.56156100003864
1786705195.1032164,79.59210300009545
1786705195.183609,80.34943000006933
1786705195.2620966,78.44444400006978
1786705195.339953,77.81215299996802
1786705195.418554,78.55818300004103
1786705195.4973445,78.74660800007405
1786705195.5756936,78.30672299996877
1786705195.6542792,78.5413690000496
1786705195.7320168,77.6954499999647
1786705195.811047,78.9856440001131
1786705195.889182,78.08835399987402
1786705195.967497,78.27163100000689
1786705196.0457993,78.25989100001607
1786705196.123883,78.03952199992636
1786705196.204133,80.20715399993605
1786705196.2822459,78.07011499994587
1786705196.3600402,77.75004199993418
1786705196.4381647,78.07943000011619
1786705196.5161123,77.90552299979936
1786705196.594045,77.88639400018837
1786705196.6721642,78.07159599997249
1786705196.750248,78.03913299994747
1786705196.8722718,121.98405200001616
1786705196.9732814,100.88613299990357
1786705197.0534642,79.94974899997942
1786705197.1326416,79.00608999989345
1786705197.212088,79.16018100013389
1786705197.2913797,79.25001400008114
1786705197.370411,78.93861000002289
1786705197.4493139,78.66040800013252
1786705197.5324495,82.88789499988525
1786705197.6117394,79.112996999811
1786705197.690672,78.57157499984169
1786705197.7698755,78.8153500000135
1786705197.8482797,78.04548600006456
1786705197.9267612,78.11798600005204
1786705198.006128,79.00634900011028
1786705198.0873613,80.85126300011325
1786705198.1664155,78.85457399993356
1786705198.2479582,81.35159199991904
1786705198.3270667,79.06531300000097
1786705198.4066484,79.51503200001753
1786705198.488441,81.71029400000407
1786705198.5726752,84.16870099995322
1786705198.6542203,81.47631400015598
1786705198.736212,81.92281099991305
1786705198.8170955,80.81192899999223
1786705198.9002194,83.05702500001644
1786705199.0059216,105.6574520000595
1786705199.1194587,113.4909150000567
1786705199.2026634,83.15845099991748
1786705199.284932,82.22197700001743
1786705199.36564,80.6611170000906
1786705199.4453752,79.68756900004337
1786705199.5239723,78.55063200008772
1786705199.6021402,78.12174700006835
1786705199.6813622,79.17747999999847
1786705199.7599647,78.55757600009383
1786705199.8382347,78.22556099995381
1786705199.9168925,78.61185500019019
1786705199.9954026,78.3610039998166
1786705200.0733426,77.87273100007042
1786705200.1520963,78.64563199996155
1786705200.231682,79.52145900003416
1786705200.3106408,78.89155699990624
1786705200.3898635,79.13266599985036
1786705200.4684398,78.48198600004253
1786705200.5460331,77.49925199982499
1786705200.625083,78.95074099997146
1786705200.7037327,78.58122600009665
1786705200.7816021,77.73441700010153
1786705200.860189,78.51811499995165
1786705200.94029,80.05784399983895
1786705201.0193825,79.024186000197
1786705201.0983174,78.86957599998823
1786705201.2021937,103.79895100004433
1786705201.3003225,98.00290099997255
1786705201.3784888,78.09815599989633
1786705201.4569552,78.38885799992568
1786705201.534864,77.77425099993707
1786705201.613957,79.04824100000951
1786705201.691877,77.8732129999753
1786705201.7696264,77.70506599990767
1786705201.8487227,79.0522229999624
1786705201.9283063,79.53864600017369
1786705202.0063193,77.8578980000475
1786705202.0848348,78.30419200013239
1786705202.164341,79.46331400012241
1786705202.2430034,78.49658100008128
1786705202.3205462,77.37668100003248
1786705202.398633,77.97413899993444
1786705202.477269,78.48278400001618
1786705202.555575,78.14099100005478
1786705202.634225,78.48754399992686
1786705202.7120254,77.64029000009032
1786705202.7900388,77.85252999997283
1786705202.8680122,77.9310660000192
1786705202.9467852,78.60137599982409
1786705203.0247931,77.8615300000638
1786705203.1028624,78.02665899998829
1786705203.1824036,79.49603699989893
1786705203.2606144,78.14630600000783
1786705203.3634286,102.77040599999054
1786705203.467481,104.01091499988979
1786705203.546553,79.03183600001285
1786705203.6245255,77.92632600012439
1786705203.7043004,79.72673899985239
1786705203.7828212,78.47269200010487
1786705203.8620713,79.20115000001715
1786705203.9404593,78.30847099990024
1786705204.0185974,78.09036200001174
1786705204.0976803,79.03379999993376
1786705204.1778054,80.07760800001051
1786705204.256532,78.67500700012897
1786705204.3355317,78.95207899991874
1786705204.4149935,79.41378000009536
1786705204.492978,77.93697499982954
1786705204.5715344,78.50926699984484
1786705204.6499345,78.34736099994188
1786705204.7284148,78.43411999988348
1786705204.8076997,79.2376140000215
1786705204.886587,78.83820999995805
1786705204.9647925,78.16093600013119
1786705205.0431356,78.29613899980359
1786705205.1209729,77.79084799994962
1786705205.2012377,80.21923700016487
1786705205.279718,78.43730599984156
1786705205.3575432,77.78032900000653
1786705205.4366155,79.02770900000178
1786705205.5382469,101.58706499987602
1786705205.6317725,93.48130900002616
1786705205.720622,88.80489800003488
1786705205.7996743,79.0086169999995
1786705205.8780587,78.33791799998835
1786705205.9564555,78.34934299989982
1786705206.0356886,79.04433899989272
1786705206.1150248,79.28998600004888
1786705206.1944728,79.400595999914
1786705206.2728424,78.3249920000344
1786705206.351249,78.36097399990649
1786705206.4291172,77.82368099992709
1786705206.507745,78.5806760000014
1786705206.5856364,77.84073700008776
1786705206.6635864,77.89977400011594
1786705206.741427,77.79140399998141
1786705206.8233643,81.89061500002026
1786705206.9012034,77.79136700014533
1786705206.9793887,78.13608700007535
1786705207.0581195,78.68371300014587
1786705207.1371593,78.99198900008741
1786705207.21709,79.88596400014103
1786705207.2956543,78.5167139999885
1786705207.3736265,77.92640399998163
1786705207.4522116,78.53854800009685
1786705207.5305572,78.30077100015842
1786705207.6089747,78.37141899995004
1786705207.706262,97.24271000004592
1786705207.8103104,104.00286499998401
1786705207.889098,78.74097199987773
1786705207.968784,79.63905899987367
1786705208.0484538,79.62335600018378
1786705208.1271322,78.6311960000603
1786705208.207113,79.93561300008878
1786705208.2860053,78.84641700002248
1786705208.365202,79.15148899996893
1786705208.4449422,79.6915959999751
1786705208.5234532,78.46512300011454
1786705208.603634,80.13094400007503
1786705208.6856868,82.00137599988011
1786705208.7680936,82.35800300008123
1786705208.8490868,80.94145700010813
1786705208.9310617,81.923561999929
1786705209.0134254,82.31411400015531
1786705209.0956829,82.20850500015331
1786705209.1798263,84.09352800003944
1786705209.2631342,83.25829400018847
1786705209.3451428,81.95739600000707
1786705209.4262466,81.05436499999996
1786705209.5075057,81.20938199999728
1786705209.5900388,82.48372499997458
1786705209.671295,81.20849300007649
1786705209.7530394,81.69489700003396
1786705209.848393,95.3033560001586
1786705209.9464977,98.06013299998995
1786705210.0435815,97.03860300010092
1786705210.1255589,81.92854499998248
1786705210.2085428,82.93618600009722
1786705210.290976,82.3842820000209
1786705210.3733213,82.2972270000264
1786705210.4549801,81.61126899994997
1786705210.536333,81.30730900006711
1786705210.6185346,82.15356200003043
1786705210.699739,81.15760600003341
1786705210.7813497,81.56221399985952
1786705210.8625655,81.16916200015112
1786705210.9450839,82.47157799996785
1786705211.0270095,81.87917500004005
1786705211.110063,83.00809299998946
1786705211.1925957,82.48718999993798
1786705211.2738657,81.22205099994062
1786705211.3564498,82.53089300001193
1786705211.43901,82.51024500009407
1786705211.5201757,81.1215149999498
1786705211.601807,81.58301100002063
1786705211.682792,80.93731200006005
1786705211.7640538,81.21471800018298
1786705211.84668,82.57946699995955
1786705211.9279938,81.26573599997755
1786705212.0175712,89.5294179999837
1786705212.113392,95.77017000015076
1786705212.216584,103.14791399991918
1786705212.2979367,81.30449600002976
1786705212.3792331,81.24153300013859
1786705212.461725,82.4455609999859
1786705212.5441384,82.36722900005589
1786705212.6261733,81.98619499989945
1786705212.7069979,80.77818500009926
1786705212.788165,80.99686800005657
1786705212.8702097,81.99789899981624
1786705212.9519887,81.73336400000153
1786705213.035008,82.97480000010182
1786705213.1166012,81.44457000003058
1786705213.1987386,82.09128699991197
1786705213.2808232,82.03714000001128
1786705213.362763,81.89164100008384
1786705213.4451845,82.3744889999034
1786705213.526328,81.09692399989399
1786705213.608738,82.36185900000237
1786705213.690794,82.00454699999682
1786705213.7747984,83.95836699992287
1786705213.8570144,82.17178700010663
1786705213.9388335,81.76895699989473
1786705214.0217838,82.90285600014613
1786705214.1032548,81.32909000005384
1786705214.1866825,83.38101999993341
1786705214.2918646,105.13677399990229
1786705214.3980873,106.17361799995706
1786705214.4799285,81.79349399983948
1786705214.560878,80.90283399997134
1786705214.642577,81.65477300008206
1786705214.7249212,82.29656499997873
1786705214.8070118,82.04154800000651
1786705214.889371,82.31128700003865
1786705214.9708438,81.42477499995948
1786705215.0525274,81.63842199996907
1786705215.134535,81.96367899995494
1786705215.216914,82.33412100003079
1786705215.2984521,81.49401600007877
1786705215.3796086,81.11209300000155
1786705215.4608755,81.22288800018396
1786705215.54249,81.56905200007714
1786705215.6242118,81.67486599995755
1786705215.7071598,82.90333899981306
1786705215.7884743,81.26699900003587
1786705215.8705056,81.98221599991484
1786705215.951657,81.06166700008544
1786705216.0342329,82.5332869999329
1786705216.1157436,81.46661000000677
1786705216.1985145,82.72521199978655
1786705216.2797527,81.19611200004329
1786705216.3606606,80.87133599997287
1786705216.47117,110.4646269998284
1786705216.5661964,94.9758109998129
1786705216.658323,92.07597899990105
1786705216.7404673,82.09719700016649
1786705216.8229969,82.17434599987428
1786705216.9041083,80.75848500016036
1786705216.986059,81.57933099982984
1786705217.0673583,81.07959499989192
1786705217.1484475,80.63411700004508
1786705217.2308588,82.369048000146
1786705217.3122392,81.08305799987647
1786705217.3927345,80.34978599994247
1786705217.4752083,82.32390100010889
1786705217.5669363,91.57777999985228
1786705217.6481688,81.08433500001411
1786705217.7286475,80.43422900004771
1786705217.810168,81.4755179999338
1786705217.89181,81.59805500008588
1786705217.9729314,81.07313100003921
1786705218.0547965,81.82044199998018
1786705218.1353917,80.5507289999241
1786705218.218678,83.24289600000156
1786705218.3002632,81.54018499999438
1786705218.3813593,81.0469660000308
1786705218.4627316,81.32518700017499
1786705218.5439548,81.17513199999848
1786705218.6404738,96.4720980000493
1786705218.73725,96.67220799997267
1786705218.8323905,95.09195999999065
1786705218.9133856,80.94522700002926
1786705218.994748,81.31266800000958
1786705219.076104,81.3077609998345
1786705219.1567557,80.610396000111
1786705219.239326,82.52501300012227
1786705219.3198748,80.50397100009832
1786705219.4008274,80.90606000018852
1786705219.4829137,82.04303499996968
1786705219.5633209,80.36536099984914
1786705219.6439855,80.61810000003788
1786705219.7336879,89.60885099986626
1786705219.8152568,81.52605700001914
1786705219.897795,82.2119780000321
1786705219.9786394,80.55215600006704
1786705220.0603406,81.6521859999284
1786705220.142269,81.87988800000312
1786705220.2238169,81.26518900007795
1786705220.3066256,82.76377099991805
1786705220.3877337,81.05444900002112
1786705220.4685812,80.55989800004681
1786705220.5510237,82.34944099990571
1786705220.6330893,81.96962800002439
1786705220.7154894,82.35592200003339
1786705220.8206408,104.90937500003383
1786705220.9246747,103.98717799989754
1786705221.0126247,87.88049400004638
1786705221.093614,80.94254399998135
1786705221.1756654,82.0025360001182
1786705221.2574425,81.72892699985823
1786705221.338327,80.83771099995829
1786705221.420825,82.45166299980156
1786705221.5012043,80.32903000002989
1786705221.5815005,80.24782600000435
1786705221.6628335,81.284930000038
1786705221.7443216,81.4455029999408
1786705221.8256445,81.28550400010681
1786705221.9064293,80.74137900007372
1786705221.9869616,80.48713999983192
1786705222.0682073,81.20093200000156
1786705222.1495671,81.31259800006774
1786705222.230761,81.15196900007504
1786705222.3111722,80.36699299987049
1786705222.3924396,81.2221359999512
1786705222.4745018,82.0175559999825
1786705222.5553439,80.79791599993769
1786705222.6356542,80.26619799989021
1786705222.7172043,81.50215299997399
1786705222.798414,81.16526599997087
1786705222.879546,81.08882200008338
1786705222.9846413,105.04828399984945
1786705223.079373,94.65750499998649
1786705223.1767292,97.30732000002718
1786705223.2575545,80.77902900004119
1786705223.339438,81.8415209998875
1786705223.420687,81.20487799988041
1786705223.5034063,82.67460799993387
1786705223.584747,81.29559900021377
1786705223.6662881,81.49450499990962
1786705223.7475255,81.19241500003227
1786705223.8290157,81.44541299998309
1786705223.9109478,81.88650200008851
1786705223.9923232,81.33035800005928
1786705224.074406,82.01459500014607
1786705224.1557937,81.34159900009763
1786705224.239514,83.50091800002701
1786705224.3224375,82.87897700006397
1786705224.4042518,81.76879999996345
1786705224.4869728,82.67099800013966
1786705224.5678844,80.86225099987132
1786705224.650232,82.29772200002117
1786705224.732386,82.10476099998232
1786705224.8134832,81.04700900003081
1786705224.8953729,81.84074400014651
1786705224.9760659,80.64356700015196
1786705225.0577712,81.65939400009847
1786705225.1471121,89.291970999966
1786705225.2518358,104.67412399998466
1786705225.3504317,98.54350000000522
1786705225.4322548,81.77572699992197
1786705225.5134668,81.16373100006058
1786705225.5955305,82.0189290000144
1786705225.6770334,81.45580300015354
1786705225.7593298,82.25189000017963
1786705225.8416882,82.3114270001497
1786705225.9237194,81.98728100001063
1786705226.0051513,81.38559999997597
1786705226.0876372,82.44100100000651
1786705226.1695862,81.90085699993688
1786705226.2531183,83.48788299986154
1786705226.3355691,82.40301899991209
1786705226.4185758,82.96299799985718
1786705226.4998453,81.22408399981396
1786705226.5816658,81.77632100000665
1786705226.6635878,81.87696799996047
1786705226.7451863,81.55319299999064
1786705226.8260887,80.85691999986011
1786705226.9080184,81.88578299996152
1786705226.9887183,80.64994000005754
1786705227.071129,82.36602099987067
1786705227.152643,81.46848999990652
1786705227.2342503,81.56408200011356
1786705227.3269622,92.66709799999262
1786705227.4248517,97.8445069999907
1786705227.5220137,97.11684500007323
1786705227.6039877,81.932709000057
1786705227.685187,81.10217799981001
1786705227.7678616,82.63044499994976
1786705227.8488305,80.92473500005326
1786705227.9301944,81.31806599999436
1786705228.011546,81.30600999993476
1786705228.0935445,81.95539600001212
1786705228.1768892,83.29808999997113
1786705228.2592137,82.27789299985488
1786705228.3402421,80.98269800007074
1786705228.4214869,81.19949299998552
1786705228.5037415,82.20891200016922
1786705228.5852818,81.49604699997326
1786705228.6679177,82.589316999929
1786705228.7502136,82.25148600013199
1786705228.8323057,82.04815399994914
1786705228.9134305,81.07973500000298
1786705228.9948275,81.35221400016235
1786705229.0769832,82.10987600000408
1786705229.1587303,81.7006570000558
1786705229.240409,81.63389899982576
1786705229.3214707,81.01647700004833
1786705229.4023774,80.86229300010928
1786705229.4922442,89.7978969999258
1786705229.5936096,101.32004000001871
1786705229.691073,97.41149299998142
1786705229.7724864,81.36356700015313
1786705229.8534741,80.94025499985946
1786705229.9359605,82.44115200000124
1786705230.0181258,82.12252399994213
1786705230.101453,83.28357300001699
1786705230.1849368,83.43744200010406
1786705230.2662373,81.25408699993386
1786705230.3482614,81.97878600003605
1786705230.4301312,81.8260089999967
1786705230.5123022,82.12578500001655
1786705230.5936074,81.2599019998288
1786705230.675293,81.63452899998447
1786705230.7572668,81.9288789998609
1786705230.839782,82.46954099990944
1786705230.921321,81.4950859999044
1786705231.0025203,81.15049599996382
1786705231.0843074,81.73960299995997
1786705231.165301,80.94458999994458
1786705231.2480154,82.66731899993829
1786705231.3290977,81.03457100014566
1786705231.4102597,81.11497799995959
1786705231.492193,81.88610199999857
1786705231.5730097,80.76944300000832
1786705231.659419,86.36301599995022
1786705231.7597752,100.30997500007288
1786705231.8597567,99.9374779999016
1786705231.9417188,81.91817599981732
1786705232.023117,81.34990199982894
1786705232.1054213,82.2589889999108
1786705232.188292,82.82409699995696
1786705232.269889,81.55290199988485
1786705232.3526251,82.69059799999923
1786705232.435154,82.48474700008046
1786705232.5173419,82.13352699999632
1786705232.598992,81.5989200000331
1786705232.6804051,81.36677300012707
1786705232.7610512,80.60050099993532
1786705232.8413012,80.20655899986195
1786705232.9225278,81.17997799990917
1786705233.0046077,82.03191600000537
1786705233.086211,81.55638400012322
1786705233.166602,80.34235600007378
1786705233.2482214,81.57408700003543
1786705233.3285832,80.30880000001162
1786705233.4092948,80.66496400010692
1786705233.490128,80.7893520000107
1786705233.5716336,81.46508899994842
1786705233.6523244,80.64609400003064
1786705233.7332132,80.8430550000594
1786705233.8157947,82.53600700004426
1786705233.9262385,110.39927800015903
1786705234.0332615,106.9082660001186
1786705234.116818,83.35263200001464
1786705234.2001624,83.29883600003996
1786705234.281217,81.00927800001045
1786705234.3634553,82.19502900010411
1786705234.4450445,81.54582999986815
1786705234.5274963,82.3803420000786
1786705234.6097536,82.17241700003797
1786705234.6912122,81.38666399986505
1786705234.7718282,80.47363300011057
1786705234.852719,80.70833499982655
1786705234.9348419,81.94615999991584
1786705235.0173182,82.30282399995303
1786705235.0987241,81.36414699993111
1786705235.1809568,82.0682339999621
1786705235.2619188,80.79120600018541
1786705235.342899,80.81039100011367
1786705235.4271076,83.94142499992086
1786705235.5078983,80.7388919999994
1786705235.5888767,80.92840900008014
1786705235.669393,80.43474599980982
1786705235.756468,87.0304780000879
1786705235.8373156,80.66676300018116
1786705235.919118,81.71838399994158
1786705235.9997609,80.51720799994655
1786705236.103257,103.45349599992915
1786705236.213706,110.40596700013339
1786705236.295945,82.19260400005624
1786705236.3775418,81.44986900015283
1786705236.4586792,80.99555699982375
1786705236.5407746,82.00355100007073
1786705236.6212318,80.4094879999866
1786705236.701772,80.48957899995912
1786705236.7843792,82.56075000008423
1786705236.8682065,83.77739000002293
1786705236.9499116,81.65920099986579
1786705237.0299685,80.01087899992854
1786705237.1138744,83.86774199993852
1786705237.1966608,82.74363900000026
1786705237.2779846,81.27959400007967
1786705237.3609614,82.45764000002964
1786705237.4420907,80.98065099989071
1786705237.523227,81.08713100000386
1786705237.6105592,87.28144199994858
1786705237.6927068,82.10160600015115
1786705237.7737513,81.0000950000358
1786705237.8552995,81.50353599990012
1786705237.9356434,80.29869300003156
1786705238.016336,80.64470900012566
1786705238.0978222,81.44222199985052
1786705238.1796758,81.80746099992575
1786705238.2837093,103.9871990001302
1786705238.3891764,105.39803999995456
1786705238.4776115,88.3847490001699
1786705238.5585966,80.93598499999644
1786705238.639794,81.1481509999794
1786705238.72174,81.88910799981386
1786705238.8039715,82.18395899984898
1786705238.886013,81.72512900000584
1786705238.9674788,81.20509499985928
1786705239.0500484,82.49271599993335
1786705239.1315136,81.41907599997467
1786705239.214574,83.01491700012775
1786705239.2955303,80.90856100011479
1786705239.376356,80.75130299994271
1786705239.458184,81.69453699997575
1786705239.5389688,80.74908000003234
1786705239.6214628,82.45006900006047
1786705239.7026386,81.12970699994548
1786705239.7834642,80.78130199987754
1786705239.8652315,81.72507299991594
1786705239.946158,80.88563499995871
1786705240.0283587,82.06453399998281
1786705240.1099138,81.4215030000014
1786705240.1921391,82.17810799988001
1786705240.2745628,82.28901499978747
1786705240.356856,82.24586699998326
1786705240.4609773,104.07653399988703
1786705240.5629559,101.93245499999648
1786705240.6515534,88.55095299986715
1786705240.7328057,81.20652200000222
1786705240.8139489,81.09500499995193
1786705240.8948362,80.83995099991625
1786705240.976058,81.1759670000356
1786705241.0577266,81.62374199991973
1786705241.1388388,81.06707999991158
1786705241.222604,83.71970899997905
1786705241.3035808,80.93261800013352
1786705241.3856053,81.97990700000446
1786705241.4676378,81.98901800005842
1786705241.5502505,82.56823600004282
1786705241.6322083,81.91372200008118
1786705241.7137496,81.49642900002618
1786705241.795084,81.2888750001548
1786705241.876776,81.64770500002305
1786705241.958369,81.54929800002719
1786705242.0398076,81.37257800012776
1786705242.1216388,81.78679799993915
1786705242.2037103,82.0260180000787
1786705242.2859554,82.20022099999369
1786705242.3690214,83.0203820000861
1786705242.4512408,82.02498100013145
1786705242.5320733,80.79013799988388
1786705242.6271532,95.03326399999423
1786705242.725967,98.76971999983652
1786705242.8227506,96.74075199995968
1786705242.9040573,81.25652300009278
1786705242.9856286,81.5225220001139
1786705243.0680249,82.34570199988411
1786705243.1496775,81.60374399994907
1786705243.2311475,81.41807900005915
1786705243.3126557,81.46291200000633
1786705243.3942158,81.5121900000122
1786705243.4754045,81.14222900007917
1786705243.5566478,81.19745099997999
1786705243.6388059,82.11064899978737
1786705243.7201598,81.30748700000368
1786705243.80218,81.97448300006727
1786705243.8836513,81.42611599987504
1786705243.9645033,80.80495400008658
1786705244.046706,82.1548899998561
1786705244.128584,81.83137300011367
1786705244.2108135,82.18155600002319
1786705244.2922084,81.347987999834
1786705244.3741074,81.85285499985184
1786705244.4561844,82.03285400009008
1786705244.538341,82.11142699997254
1786705244.6196697,81.2845059999745
1786705244.7005818,80.86665700011508
1786705244.791429,90.7981100001507
1786705244.8933399,101.85401599983379
1786705244.9967685,103.3806899999945
1786705245.0781262,81.31304399989858
1786705245.1601136,81.94363299980978
1786705245.2434268,83.26727200005735
1786705245.325771,82.29820400015342
1786705245.4082785,82.4599439999929
1786705245.4898908,81.56369100015581
1786705245.5713751,81.43728400000327
1786705245.653697,82.27500099997087
1786705245.7351718,81.42739499999152
1786705245.8170555,81.83665199999268
1786705245.8980246,80.91884299983576
1786705245.9791186,81.04721300014717
1786705246.0604472,81.28058200009036
1786705246.1435487,83.05547800000568
1786705246.225298,81.70074700001351
1786705246.3064127,81.06925099991713
1786705246.387747,81.29106399996999
1786705246.470429,82.6377030000458
1786705246.552517,82.00166999995417
1786705246.6341703,81.61000599989165
1786705246.7151608,80.94430699998156
1786705246.796298,81.0937510000258
1786705246.8783696,82.02502199992523
1786705246.9670107,88.57507000016085
1786705247.071637,104.58440799993696
1786705247.1684709,96.78733099985948
1786705247.2516675,83.15221900011238
1786705247.332412,80.70051400000011
1786705247.4141765,81.72215399986271
1786705247.495695,81.4742860000024
1786705247.5780127,82.27146599983826
1786705247.659227,81.16893600004005
1786705247.7400293,80.75529000007009
1786705247.8207173,80.6420320000143
1786705247.9025345,81.76254299996799
1786705247.983843,81.2615279999136
1786705248.0656893,81.80128499998318
1786705248.1468437,81.10864100012805
1786705248.2303233,83.43495899998743
1786705248.3131843,82.81453700010388
1786705248.395303,82.06787499989332
1786705248.4766283,81.27567699989413
1786705248.5583148,81.63693400001648
1786705248.639652,81.28938100003325
1786705248.720806,80.98167900016051
1786705248.8025026,81.65011900018726
1786705248.8839698,81.41578699996899
1786705248.9646635,80.6472180001947
1786705249.0469155,82.20287500012091
1786705249.1368499,89.88715700002103
1786705249.237377,100.48454900015713
1786705249.3340464,96.62038999999822
1786705249.4157095,81.61241600009816
1786705249.4970558,81.30060400003458
1786705249.5790336,81.92721000000347
1786705249.6599739,80.89271700009704
1786705249.7423403,82.31989299997622
1786705249.8333833,90.97913100004007
1786705249.9149733,81.54421299991554
1786705249.9952662,80.24892499997804
1786705250.0758421,80.5291640001542
1786705250.1579437,82.05533999989711
1786705250.239299,81.30582700005107
1786705250.3209844,81.64150999982667
1786705250.4014225,80.39336999991065
1786705250.482259,80.7942000001276
1786705250.5629714,80.66981200022383
1786705250.6439836,80.96686499993666
1786705250.7256968,81.6665270001522
1786705250.8065617,80.82107099994573
1786705250.8872883,80.6822749998446
1786705250.968881,81.54691699996874
1786705251.0500793,81.15619800014429
1786705251.1322932,82.16808099996342
1786705251.214447,82.10915500012561
1786705251.2952454,80.71914600009222
1786705251.4039104,108.58118199985256
1786705251.5181,114.14532999992844
1786705251.5989723,80.81899700005124
1786705251.6810384,82.01847099985571
1786705251.7614255,80.34357400015324
1786705251.8426607,81.19155000008504
1786705251.9235306,80.82436799986681
1786705252.003956,80.37955600002533
1786705252.0851653,81.16260699989652
1786705252.1654236,80.21383599998444
1786705252.2473216,81.85401000014281
1786705252.3285484,81.18279200016332
1786705252.4093287,80.73594300003606
1786705252.4914267,82.05369400002382
1786705252.572272,80.79677599994284
1786705252.652578,80.26007500006926
1786705252.7335987,80.97614500002237
1786705252.8152225,81.58214099989891
1786705252.8959594,80.66698099992209
1786705252.976487,80.4801110000426
1786705253.057252,80.63213000014002
1786705253.13861,81.28414400016482
1786705253.2244554,85.77135399991676
1786705253.307167,82.62083899990103
1786705253.3888128,81.56873500001893
1786705253.4717755,82.88498500019159
1786705253.5776932,105.76172200012479
1786705253.6834698,105.65670400001181
1786705253.7652912,81.66849300005197
1786705253.8482378,82.82483699986187
1786705253.9297037,81.3188849999733
1786705254.0112271,81.36149500001011
1786705254.092509,81.23714500015922
1786705254.1729748,80.37020599999778
1786705254.2555785,82.47859899984178
1786705254.3369951,81.29423800005497
1786705254.4191983,82.15849099997286
1786705254.5001361,80.78920399998424
1786705254.581919,81.64214300018102
1786705254.6637752,81.79064099999778
1786705254.7458563,81.94193700001051
1786705254.8278785,81.87395600020864
1786705254.911909,83.95870100002867
1786705254.9933517,81.39745899984518
1786705255.0749867,81.48705200005679
1786705255.1558669,80.79259300006925
1786705255.237588,81.47738499997104
1786705255.319581,81.94847400000072
1786705255.3999262,80.29968899995765
1786705255.4806545,80.41492899997138
1786705255.5626335,81.92714100005105
1786705255.6434734,80.79300100007458
1786705255.7408063,97.28531700011445
1786705255.862711,121.86215399992761
1786705255.9466712,83.91901700019844
1786705256.027409,80.68777899984525
1786705256.1084545,80.99596399983966
1786705256.192301,83.80344399984097
1786705256.2748291,82.48291700010668
1786705256.3560658,81.19286900000589
1786705256.4364514,80.34039400013171
1786705256.517925,81.4291270000922
1786705256.599392,81.42155299992737
1786705256.6803634,80.9284449999268
1786705256.7621636,81.7538839999088
1786705256.843614,81.4059230001476
1786705256.9243293,80.6666870000754
1786705257.0059843,81.6119589999289
1786705257.0874612,81.43322000000808
1786705257.169416,81.91095799998038
1786705257.2517302,82.26916000012352
1786705257.3334823,81.547664000027
1786705257.415762,82.07177200006299
1786705257.4965582,80.59794800010422
1786705257.5843148,87.56958700018913
1786705257.6649616,80.45385700006591
1786705257.7460992,80.91176100015218
1786705257.8274932,81.19025900009547
1786705257.9327357,105.12530400001197
1786705258.0400124,107.16912399993817
1786705258.1228828,82.82541600010518
1786705258.2048812,81.85831099990537
1786705258.2868762,81.92253299989716
1786705258.3680909,81.16879699991841
1786705258.449699,81.56477600005019
1786705258.5317035,81.96003200009727
1786705258.6130095,80.97242799999549
1786705258.6950815,81.73203299998022
1786705258.7763443,80.9235209999315
1786705258.8587418,82.05877300019893
1786705258.9405315,81.4579440000216
1786705259.0219853,81.11833399993884
1786705259.1036012,81.2793159998364
1786705259.1862972,82.36862299986569
1786705259.2683747,81.71738700002606
1786705259.3507302,82.1415689999867
1786705259.4320824,81.30694499982383
1786705259.513307,81.18042700016304
1786705259.5940871,80.44211700007509
1786705259.6759787,81.52068399999735
1786705259.7572641,80.9411509999336
1786705259.8385282,80.92020699996283
1786705259.919853,80.98528100003932
1786705260.0002174,80.02598999996735
1786705260.0978634,97.28800700008833
1786705260.198517,100.57652299997244
1786705260.2929158,94.35422999990806
1786705260.375769,82.80836199992336
1786705260.4568481,81.03344799997103
1786705260.538194,81.19248399998469
1786705260.6186514,80.2876190000461
1786705260.6996298,80.68704199990862
1786705260.7803018,80.49950600002376
1786705260.861097,80.6254680001075
1786705260.9429936,81.74305399984405
1786705261.0241475,81.01440999985243
1786705261.105252,81.02059599991662
1786705261.1887934,83.49696900017989
1786705261.2694333,80.59467299995049
1786705261.3512022,81.7233140001008
1786705261.4318926,80.64334000005147
1786705261.5127168,80.7774499999141
1786705261.5944138,81.6511289999653
1786705261.6759756,81.5194449999126
1786705261.7578778,81.85740599992641
1786705261.8387163,80.79431999999542
1786705261.9201434,81.3828170000761
1786705262.0008726,80.68472899981316
1786705262.0821817,81.26365100019939
1786705262.1627338,80.50986000012017
1786705262.2484407,85.61493699994571
1786705262.3499696,101.48296300008042
1786705262.4551322,105.02682899982574
1786705262.536177,80.99644899994018
1786705262.618064,81.8389810001463
1786705262.6990504,80.94022799991762
1786705262.780252,81.15239300013855
1786705262.860527,80.22817599999144
1786705262.9410338,80.45685999991292
1786705263.0224185,81.33594700007052
1786705263.1037042,81.23587399995813
1786705263.1863658,82.56362499992065
1786705263.26807,81.57748399980846
1786705263.3488693,80.56134200000997
1786705263.4307497,81.8356299998868
1786705263.512628,81.78294499998628
1786705263.5944245,81.68081600001642
1786705263.6751096,80.63965600013034
1786705263.7565114,81.30567100010921
1786705263.8373716,80.76993300005597
1786705263.9194677,82.0011840000916
1786705264.0004797,80.92737600009059
1786705264.0811925,80.44993599992267
1786705264.1628294,81.59068800000568
1786705264.2458427,82.9673460000322
1786705264.3270772,80.95722899997781
1786705264.4088638,81.70418700001392
1786705264.526125,117.0888079998349
1786705264.634659,108.40806800001701
1786705264.717078,82.3744419999457
1786705264.7976308,80.4852880000908
1786705264.8783712,80.69498999998359
1786705264.9600909,81.65213200004473
1786705265.041197,81.0594320000746
1786705265.1233232,82.0787410000321
1786705265.2049034,81.5338749998773
1786705265.2853343,80.38641899997856
1786705265.3669846,81.60720699993362
1786705265.4490986,82.06642599998304
1786705265.530797,81.59930000010718
1786705265.6117246,80.81097200010845
1786705265.692561,80.7521199999428
1786705265.7763834,83.77165500019146
1786705265.8575716,81.14041399994676
1786705265.9396052,81.98526000001038
1786705266.0200436,80.3914559999157
1786705266.1008103,80.71051000001717
1786705266.1839106,83.05138400010037
1786705266.264926,80.96763799994733
1786705266.3469176,81.94522500002677
1786705266.4275484,80.58464000009735
1786705266.5080688,80.47356799988847
1786705266.5892744,81.15800700011278
1786705266.6955152,106.19452900004944
1786705266.8118594,116.26087000013285
1786705266.893717,81.77611400014939
1786705266.9767451,82.98543899991273
1786705267.060404,83.25477199991838
1786705267.1431603,82.56336899989947
1786705267.2275853,84.38194999985171
1786705267.3088999,81.26715499997772
1786705267.3897183,80.76875100005054
1786705267.470935,81.16913700018813
1786705267.5531826,82.20142699997268
1786705267.6353645,82.13383499992233
1786705267.7173274,81.91552199991747
1786705267.7993703,81.89455799993084
1786705267.882708,83.00840400011111
1786705267.964329,81.52826499986077
1786705268.0464873,82.11548400004176
1786705268.127789,81.25326699996549
1786705268.2097588,81.92007800016654
1786705268.2950673,85.25879700005135
1786705268.3774292,82.31777900005
1786705268.4591286,81.64952400011316
1786705268.5412655,82.0887990000756
1786705268.623421,82.1047990000352
1786705268.7056675,82.20122400007313
1786705268.7872238,81.50869099995361
1786705268.8891335,101.86222600009387
1786705268.9908879,101.61687599998004
1786705269.0738776,82.5868150000133
1786705269.155429,81.50369200006935
1786705269.2374926,82.01687399991897
1786705269.318677,80.62432700012323
1786705269.4001882,81.46532299997489
1786705269.4818897,81.65511800007152
1786705269.562773,80.83790099999533
1786705269.6451087,82.29244700009986
1786705269.725975,80.82727099986187
1786705269.8069167,80.89171500000703
1786705269.8894165,82.45703800002957
1786705269.9715376,82.0754849999048
1786705270.0532038,81.62276699999893
1786705270.1343305,81.08163999986573
1786705270.2166307,82.25491000007423
1786705270.2980824,81.4061749999837
1786705270.3792207,81.09384399995179
1786705270.460915,81.65067400000225
1786705270.5431652,82.20520700001543
1786705270.6240697,80.86069799992401
1786705270.7055209,81.40604599998369
1786705270.7916365,86.0717929999737
1786705270.8735056,81.8231350001497
1786705270.955781,82.2282809999706
1786705271.0606208,104.79430199984563
1786705271.165826,105.15961400005835
1786705271.2479637,82.09515399994416
1786705271.3293092,81.30008400007682
1786705271.4104376,81.08412199999293
1786705271.49169,81.20306599994365
1786705271.574252,82.51896499996292
1786705271.6548116,80.51518199999919
1786705271.7358284,80.97114199995303
1786705271.8174114,81.53837899999417
1786705271.8983378,80.88367899995319
1786705271.980825,82.44202199989559
1786705272.0618742,81.00549400001
1786705272.1432323,81.31351000020004
1786705272.2268596,83.44142300006752
1786705272.309339,82.43368800003736
1786705272.390368,80.98399400000744
1786705272.471213,80.77775499987183
1786705272.5526657,81.40963899995768
1786705272.6339056,81.19623400011733
1786705272.7169552,83.00570300002619
1786705272.7982752,81.27460400010023
1786705272.8792315,80.91243900003064
1786705272.9599342,80.66027399991071
1786705273.0417974,81.81852600000639
1786705273.1254768,83.63060800002131
1786705273.2298,104.27875200002745
1786705273.3274417,97.597776999919
1786705273.4170575,89.5714030000363
1786705273.499476,82.37307800004601
1786705273.580905,81.38702900009775
1786705273.6620934,81.14584600002672
1786705273.7454388,83.30079500001375
1786705273.8265908,81.10586500015415
1786705273.9076097,80.9736429998793
1786705273.9889345,81.27964100003737
1786705274.0700147,81.03647699999783
1786705274.151202,81.09336499978781
1786705274.234729,83.48383199995624
1786705274.3161912,81.4190480000434
1786705274.3977437,81.51012300004368
1786705274.4787576,80.9751070000857
1786705274.5617433,82.94092799997088
1786705274.6433375,81.54876999992666
1786705274.724454,81.07281000002331
1786705274.805967,81.46745599992755
1786705274.8866751,80.66466499985836
1786705274.969407,82.68607700006214
1786705275.0516384,82.18239600000743
1786705275.1329162,81.22421800021584
1786705275.2154572,82.49219000003905
1786705275.2966707,81.16642100003446
1786705275.3985517,101.83430699999008
1786705275.492719,94.12607900003422
1786705275.5897753,97.01343000006091
1786705275.6721895,82.3696730001302
1786705275.754237,82.00343399994381
1786705275.8353176,81.03575600011936
1786705275.9171553,81.79432399992947
1786705275.9984097,81.20838399986496
1786705276.0796058,81.15238499999577
1786705276.1607988,81.14844100009577
1786705276.243549,82.70567199997458
1786705276.3251722,81.57843799995135
1786705276.40648,81.26375500000904
1786705276.4875858,81.06103399995845
1786705276.5699704,82.3392849999891
1786705276.6512246,81.20945799987567
1786705276.7324827,81.21401400012473
1786705276.814143,81.61536299985528
1786705276.8962104,82.02362100018945
1786705276.9782503,81.99624999997468
1786705277.0598938,81.5979569999854
1786705277.1423206,82.38263800012646
1786705277.2260942,83.72883200013348
1786705277.3073335,81.19436700008009
1786705277.388573,81.19501600003787
1786705277.4704142,81.79132700001901
1786705277.564339,93.88130399997863
1786705277.6623645,97.98287100011294
1786705277.7722905,109.86188700007915
1786705277.8545148,82.17815700004394
1786705277.936316,81.7233259999739
1786705278.0176864,81.3256450001063
1786705278.0985003,80.77049999997143
1786705278.1809795,82.43399000002682
1786705278.262916,81.89075199993567
1786705278.3449862,82.02427000014723
1786705278.4267285,81.69651299999714
1786705278.5077696,80.99455499996111
1786705278.5884085,80.59175999983381
1786705278.670363,81.64906899992275
1786705278.7515805,81.1165909999545
1786705278.8326554,81.03105400005006
1786705278.9131703,80.3636139999071
1786705278.9942102,80.99247999984982
1786705279.0752358,80.9778139998798
1786705279.156483,81.1031279999952
1786705279.23911,82.578544999933
1786705279.3209217,81.71760699997321
1786705279.4024377,81.47257099994931
1786705279.483703,81.21973900006196
1786705279.5640953,80.34670799997912
1786705279.6460512,81.9077340001968
1786705279.7278454,81.7483099999663
1786705279.8287535,100.85892799997964
1786705279.9432535,114.43771099993683
1786705280.030033,86.47398299990527
1786705280.1119142,81.83634600004552
1786705280.195099,83.14018999999462
1786705280.2764714,81.32944300018607
1786705280.3574939,80.97638899994308
1786705280.438704,81.16760999996586
1786705280.519564,80.81737200018324
1786705280.6008224,81.19129600004271
1786705280.6824439,81.55636699984825
1786705280.7634575,80.96985199995288
1786705280.8449697,81.46734899992225
1786705280.9262893,81.27433200002088
1786705281.0081081,81.77456900011748
1786705281.0904686,82.31882600011886
1786705281.1738377,83.30528300007245
1786705281.255292,81.39173900008245
1786705281.3367064,81.35223999988739
1786705281.4181294,81.36181300005774
1786705281.4996054,81.43242400001327
1786705281.5810635,81.41353500013793
1786705281.66287,81.74316300005557
1786705281.743725,80.79433500006417
1786705281.8252969,81.51038599999083
1786705281.9071333,81.77381099994818
1786705282.0142717,107.07668699978967
1786705282.1399596,125.64192100012406
1786705282.2232292,83.2250240000576
1786705282.3064828,83.20474700008162
1786705282.3879647,81.41638799997963
1786705282.469676,81.64622000003874
1786705282.5515869,81.84753399996225
1786705282.6333303,81.68388600006438
1786705282.7152488,81.83807000000343
1786705282.7978232,82.46017800001937
1786705282.8795073,81.64027499992699
1786705282.960868,81.31090699998822
1786705283.043503,82.57032500000605
1786705283.1273074,83.75574399997276
1786705283.2115326,84.00124300010248
1786705283.2939792,82.3763460000464
1786705283.3748298,80.65452300002107
1786705283.4557204,80.69457800002056
1786705283.537561,81.60259099986433
1786705283.620119,82.33567999991465
1786705283.702578,82.23206899992874
1786705283.7843626,81.55627600012849
1786705283.8656483,81.21874200014645
1786705283.947551,81.85379399992598
1786705284.0303211,82.55767800005742
1786705284.1117275,81.25203899999178
1786705284.2173986,105.57999499997095
1786705284.326605,109.16223200001696
1786705284.4078684,81.21196499996586
1786705284.4887085,80.79239399990001
1786705284.5695379,80.78067099995678
1786705284.651798,82.21136599991041
1786705284.7333999,81.5515920000962
1786705284.8142579,80.81013500009249
1786705284.8951306,80.82370800002536
1786705284.9763339,81.15424299990082
1786705285.0573688,80.99033700000291
1786705285.1392124,81.79975799998829
1786705285.221366,82.10729399979755
1786705285.302476,81.06546700014405
1786705285.3833504,80.82630099988819
1786705285.4638066,80.41447100004007
1786705285.5447338,80.88354099982098
1786705285.6250138,80.23530500008746
1786705285.7059019,80.84109800006445
1786705285.7865653,80.6199139999535
1786705285.867581,80.9695970001485
1786705285.949169,81.5431850001005
1786705286.0294256,80.21282400000018
1786705286.109997,80.52752599996893
1786705286.1931381,83.0944179999733
1786705286.2745168,81.33202099998016
1786705286.3783467,103.78348999984155
1786705286.4790363,100.61330700000326
1786705286.5658708,86.78791200009073
1786705286.6464972,80.58185899994896
1786705286.72747,80.92402400006904
1786705286.808179,80.66680299998552
1786705286.8883193,80.09364000008645
1786705286.9688883,80.52471099995273
1786705287.0495749,80.64247099991917
1786705287.1318712,82.25260899985187
1786705287.213982,82.06520199996703
1786705287.295279,81.2528740000289
1786705287.376116,80.79365499997948
1786705287.4564304,80.26756499998555
1786705287.5373168,80.84137700006977
1786705287.6194994,82.10964699992473
1786705287.700646,81.0996709999472
1786705287.7808144,80.1252700000532
1786705287.8612573,80.3976209999746
1786705287.9420216,80.61934100010149
1786705288.0230532,80.9857470001134
1786705288.1037862,80.69000899990897
1786705288.1862137,82.38247899998896
1786705288.26728,81.02152500009652
1786705288.348088,80.76261899987003
1786705288.4289348,80.80108100011785
1786705288.5283453,99.36509399994975
1786705288.6509922,122.5949090000995
1786705288.733501,82.36038700010795
1786705288.816149,82.55144100007783
1786705288.8971944,80.95097000000351
1786705288.9798815,82.59929300015756
1786705289.0611382,81.21206099986011
1786705289.1433077,82.09840700010318
1786705289.2250075,81.6344659999686
1786705289.3065803,81.50891100012814
1786705289.3884337,81.78726099981759
1786705289.471866,83.34186299998692
1786705289.5527158,80.8028229998854
1786705289.6341443,81.29930100017191
1786705289.7156298,81.36968999997407
1786705289.7963784,80.65997200014863
1786705289.8784902,82.01246299995546
1786705289.9600937,81.55892899981154
1786705290.0418236,81.58337400004712
1786705290.1235464,81.62661500000468
1786705290.2052188,81.58343000013701
1786705290.2870092,81.72735500011186
1786705290.368473,81.41831900002217
1786705290.4493089,80.79189800014319
1786705290.5300927,80.73989900003653
1786705290.6118264,81.68818800004374
1786705290.7097666,97.79919799984782
1786705290.8028722,93.0397100000846
1786705290.897276,94.35781199999838
1786705290.9790287,81.7056330001833
1786705291.0602343,81.1578410000493
1786705291.1406915,80.40847500001291
1786705291.2217157,80.9779719998005
1786705291.302766,81.00228599982984
1786705291.3841398,81.32496899997932
1786705291.4663208,82.13600099998075
1786705291.547172,80.80647199994928
1786705291.6281931,80.87263900006292
1786705291.709399,81.1607670000285
1786705291.790575,81.13182199986113
1786705291.8717363,81.1180449998119
1786705291.9525745,80.79487999998491
1786705292.0331018,80.48236399986308
1786705292.113439,80.29219900004136
1786705292.197285,83.80051000017374
1786705292.278672,81.32080299992595
1786705292.3604248,81.63691200002177
1786705292.4425359,82.04420600009144
1786705292.525036,82.45596300002944
1786705292.6063535,81.23939699999028
1786705292.6893582,82.9060710000249
1786705292.7699332,80.44438299998546
1786705292.8566442,86.64493699984632
1786705292.9622984,105.48778099996525
1786705293.061558,99.20930299995234
1786705293.1441112,82.41809299988745
1786705293.2268906,82.68040699999801
1786705293.308419,81.47665499996037
1786705293.3896463,81.06719499983228
1786705293.4713843,81.57326599985026
1786705293.5531394,81.63963600009083
1786705293.6350722,81.86813299994355
1786705293.7166476,81.44461799997771
1786705293.7969985,80.24388500007262
1786705293.8783662,81.30034100008743
1786705293.9604068,81.89548600012131
1786705294.042323,81.84878199995183
1786705294.1236608,81.19245400007458
1786705294.205497,81.70204300017758
1786705294.2866778,81.0830469999928
1786705294.3691647,82.44040900012806
1786705294.4510033,81.77061700007471
1786705294.5327,81.58550600001035
1786705294.6142852,81.51684099993872
1786705294.6964366,82.07972600007452
1786705294.7790751,82.59348199999295
1786705294.8608375,81.69332100010251
1786705294.9417934,80.86086299999806
1786705295.0237255,81.88385700009349
1786705295.1434903,119.71623199997339
1786705295.2392287,95.6973449999623
1786705295.321449,82.17592900018644
1786705295.4036653,82.17163399990568
1786705295.485502,81.67647000004763
1786705295.56588,80.20821900004194
1786705295.648055,82.01718999998775
1786705295.7309499,82.84444400010216
1786705295.812113,81.12121399994976
1786705295.8932478,80.96658499994192
1786705295.9748797,81.58806300002652
1786705296.0571861,82.26070699993215
1786705296.1376925,80.4609779997918
1786705296.220479,82.7409449998413
1786705296.3026147,82.09254199982752
1786705296.384964,82.30453999999554
1786705296.4667559,81.74698800007718
1786705296.5474348,80.63490299991827
1786705296.6286943,81.21654799992939
1786705296.7108786,82.14117099987561
1786705296.7925143,81.58963800019592
1786705296.875026,82.46568800018395
1786705296.956055,80.98517899998114
1786705297.0369668,80.8644579999509
1786705297.1192632,82.01056200005041
1786705297.215093,95.66227300001628
1786705297.3205009,105.2464350000264
1786705297.4237955,103.1748550001339
1786705297.5064156,82.5111519998245
1786705297.593266,86.80762400013009
1786705297.674491,81.12108600016654
1786705297.7570376,82.50213199994505
1786705297.8392217,82.14061600006062
1786705297.920797,81.52799000004052
1786705298.00286,82.01913600009902
1786705298.0841858,81.20490099986455
1786705298.166164,81.9335260000571
1786705298.2495396,83.33209099987471
1786705298.330526,80.94338399996559
1786705298.4128516,82.27937499987092
1786705298.4936283,80.73381100007282
1786705298.5741074,80.43288799990478
1786705298.6563954,82.23780200000874
1786705298.737304,80.86199600006694
1786705298.819595,82.24732000007862
1786705298.8997629,80.12251800005288
1786705298.9809928,81.18349300002592
1786705299.0622702,81.23197500003698
1786705299.1433444,81.02975399992829
1786705299.2274933,84.02073499996732
1786705299.308767,81.21240199989188
1786705299.4238195,114.9719320001168
1786705299.531917,108.06130800006031
1786705299.6198242,87.85093400001642
1786705299.700756,80.88995899993279
1786705299.782084,81.28488200009087
1786705299.8629417,80.71677499992802
1786705299.9447615,81.64221400011229
1786705300.025392,80.46235099982368
1786705300.1065087,80.97101499993187
1786705300.1898136,83.18609300022217
1786705300.27091,81.05214400006844
1786705300.3518958,80.82147899995107
1786705300.4327266,80.66153499999018
1786705300.5137377,80.84123699995871
1786705300.5945115,80.60151800009407
1786705300.6757698,81.09512500004712
1786705300.7573829,81.44301200013615
1786705300.838022,80.46996300004139
1786705300.9189358,80.7426649998888
1786705300.9998581,80.75651700005437
1786705301.0815895,81.5601599999809
1786705301.1623564,80.59746200001427
1786705301.2439475,81.3886610001191
1786705301.3247366,80.62046200006989
1786705301.4066765,81.76847400000042
1786705301.4894202,82.57845000002817
1786705301.5808814,91.2914880000244
1786705301.6852498,104.32520399990608
1786705301.7830749,97.77854100002514
1786705301.8642898,81.17181099987647
1786705301.9462025,81.87213999985943
1786705302.02726,80.91459000002033
1786705302.1078324,80.52411099993151
1786705302.1943,86.42052000004696
1786705302.2817674,87.29797700016206
1786705302.3656769,83.85720199999014
1786705302.4466312,80.90794200006712
1786705302.5271735,80.49540799993338
1786705302.6079135,80.68531399999301
1786705302.6899137,81.9520840000223
1786705302.7709558,80.8945720000338
1786705302.85249,81.44516199990903
1786705302.933301,80.76344300002347
1786705303.0140483,80.70114799988914
1786705303.094814,80.72111100000257
1786705303.1789596,84.09836800001358
1786705303.2598019,80.79729600012797
1786705303.3402805,80.43500200005838
1786705303.4229662,82.64024800018888
1786705303.503396,80.3861130000314
1786705303.5838277,80.38344700003108
1786705303.6656258,81.75545600010992
1786705303.7564912,90.82184499993673
1786705303.8536081,97.0724539999992
1786705303.959802,106.15045400004419
1786705304.042072,82.22554600001786
1786705304.1225767,80.46194700000342
1786705304.2056553,82.98517200000788
1786705304.2865884,80.89098100003866
1786705304.3677588,81.0868500000197
1786705304.4487278,80.92477800005327
1786705304.5298588,81.08685100000912
1786705304.6106217,80.71570500010239
1786705304.6922202,81.554105999885
1786705304.7746925,82.42676800000481
1786705304.8562005,81.46014399994783
1786705304.937191,80.93998100002864
1786705305.0194836,82.24843500011048
1786705305.0999243,80.39307700005338
1786705305.1828775,82.9090240001733
1786705305.2636962,80.77614900003027
1786705305.3444395,80.70000099996832
1786705305.4258804,81.39751499993508
1786705305.5064464,80.51983599989398
1786705305.5885959,82.10143699989203
1786705305.6703603,81.71958799994172
1786705305.7507193,80.2925589998722
1786705305.8308015,80.0394679999954
1786705305.911942,81.0959800001001
1786705306.0176268,105.64042100008919
1786705306.1230485,105.37522000004174
1786705306.2078807,84.7542550000071
1786705306.2908976,82.91263699993578
1786705306.3714526,80.51168900010452
1786705306.4538689,82.37095499998759
1786705306.5349436,80.99718599987682
1786705306.6167328,81.74451399986538
1786705306.6981127,81.33546100020794
1786705306.7786794,80.52102199985711
1786705306.8601766,81.42608999992262
1786705306.9425592,82.33730699998887
1786705307.0241776,81.57258899996123
1786705307.1070478,82.82563699981438
1786705307.1898685,82.7781570001207
1786705307.2722726,82.35934399999678
1786705307.354216,81.8983650001428
1786705307.4354088,81.04959399997824
1786705307.5167801,81.22857400007888
1786705307.5979307,81.03314899994984
1786705307.6792645,81.28835100001197
1786705307.7602232,80.91065000007802
1786705307.8416166,81.34588699999767
1786705307.9227505,81.08481500016751
1786705308.003885,81.08950099995127
1786705308.0850945,81.1639630001082
1786705308.1872635,102.12290899994514
1786705308.2980993,110.76266999998552
1786705308.3791687,81.00076099981379
1786705308.4601514,80.93685400012873
1786705308.5482495,88.0295509998632
1786705308.6305687,82.27332699993894
1786705308.7124891,81.87327399991773
1786705308.7951112,82.57321399992179
1786705308.8779707,82.80906499999219
1786705308.960619,82.59830700012571
1786705309.0425034,81.83573700011948
1786705309.126086,83.53604300009465
1786705309.2099848,83.84972500016374
1786705309.2916725,81.64062800005922
1786705309.3754623,83.74294800000825
1786705309.457879,82.36793800006126
1786705309.5400167,82.08673600006477
1786705309.6223545,82.28475400005664
1786705309.7051184,82.6981769998838
1786705309.7879057,82.42051199999878
1786705309.8778946,89.94309500008058
1786705309.9597774,81.84447899998304
1786705310.0440326,84.03183499990519
1786705310.1268175,82.73791800002073
1786705310.2088127,81.94860799994785
1786705310.2909462,82.08755199984807
1786705310.3990235,108.02948500008824
1786705310.500399,101.32908200012025
1786705310.584848,84.40412999993896
1786705310.6667852,81.89136700002564
1786705310.7481396,81.21761300003527
1786705310.8308487,82.57502999981625
1786705310.9135737,82.68139999995583
1786705310.9951217,81.50740699989001
1786705311.0762346,80.94529999993938
1786705311.1579337,81.655481000098
1786705311.2397013,81.72468499992647
1786705311.3223183,82.24766300008923
1786705311.4055464,82.923214000175
1786705311.4868982,81.08815099990352
1786705311.57004,83.0482869998832
1786705311.6514587,81.09105800008365
1786705311.734356,82.58264200003396
1786705311.8164558,81.78383199992822
1786705311.8979478,81.40207500014185
1786705311.9801958,82.15860800009978
1786705312.0632854,82.82758500013188
1786705312.1470237,83.49947000010616
1786705312.231646,84.57820400008131
1786705312.313068,81.14100300008431
1786705312.3947499,81.58811200019045
1786705312.4773085,82.50494000003528
1786705312.5882194,110.86687700003495
1786705312.698216,109.94871599996259
1786705312.7816427,83.38150800000221
1786705312.8633385,81.64588899990122
1786705312.9455585,82.16997900012757
1786705313.0273182,81.7129259999092
1786705313.1089613,81.5936309998051
1786705313.1921988,83.01978899999085
1786705313.275493,83.2462690000284
1786705313.3575504,82.00922100013486
1786705313.4394667,81.86703599994871
1786705313.522845,83.27532400016935
1786705313.604258,81.32648399987374
1786705313.6873536,83.04603000010502
1786705313.7726147,85.21383100014646
1786705313.8551347,82.47082899993075
1786705313.9362588,81.07643000016651
1786705314.0186424,82.25990400001137
1786705314.100909,82.1168499999203
1786705314.1856976,84.62389099986467
1786705314.2690284,83.28208400007497
1786705314.3510194,81.87598199992863
1786705314.433807,82.73871699998381
1786705314.51539,81.53515000003608
1786705314.5971684,81.73176099990087
1786705314.6792371,81.91996300001847
1786705314.8080885,128.80056599988166
1786705314.9046907,96.46715200005929
1786705314.9878612,83.09256699999423
1786705315.0688481,80.88454299991099
1786705315.1504054,81.38685499989151
1786705315.2329497,82.44925700000749
1786705315.3150218,82.02677700001004
1786705315.3960538,80.98521000010805
1786705315.4770122,80.746285000032
1786705315.5580814,81.02883899982771
1786705315.6398475,81.71824200007904
1786705315.7212934,81.35896699991463
1786705315.8033273,81.8877600001997
1786705315.88416,80.78472900001543
1786705315.965524,81.32128200008992
1786705316.047651,82.08151799999541
1786705316.129524,81.77959499994358
1786705316.2143662,84.74435400012226
1786705316.2961679,81.69766899982278
1786705316.3782547,82.01431499992395
1786705316.460046,81.72305800007962
1786705316.542681,82.58681200004503
1786705316.6242814,81.55444799990619
1786705316.7051115,80.75817500002813
1786705316.785878,80.69726700000501
1786705316.875851,89.90354500019748
1786705316.9773858,101.48964199993316
1786705317.0755413,98.06757000001198
1786705317.1581473,82.55984999982502
1786705317.239672,81.4777820000927
1786705317.3200474,80.3310670000883
1786705317.4010835,80.99041499986015
1786705317.4820848,80.95745200012061
1786705317.5744517,92.32038300001477
1786705317.6566684,82.17077799986328
1786705317.7371807,80.46586199998274
1786705317.8186243,81.39943099990887
1786705317.8994374,80.76800899993941
1786705317.9801292,80.64700999989327
1786705318.0665536,86.3796230000844
1786705318.1479445,81.3037099999292
1786705318.2315562,83.4349739998288
1786705318.3137577,82.03081599981488
1786705318.3959715,81.99542799980009
1786705318.4782937,82.13807500010262
1786705318.560382,81.89354000001003
1786705318.6432502,82.82318300007319
1786705318.7247086,81.41681999995853
1786705318.8069386,82.18839000005573
1786705318.8903654,83.3785679999437
1786705318.9720225,81.59683799999584
1786705319.0645642,92.49780900017868
1786705319.1650321,100.42185399993286
1786705319.2608697,95.7936970000901
1786705319.3435915,82.65340599996307
1786705319.4260597,82.34663000007458
1786705319.5087416,82.56238800004212
1786705319.5895054,80.63065900000765
1786705319.6719189,82.15679799991449
1786705319.754163,82.19855699985601
1786705319.8360026,81.79713300000913
1786705319.918599,82.5514989999192
1786705320.0001428,81.45532100002129
1786705320.081821,81.63435699998445
1786705320.164085,82.22198299995398
1786705320.2476585,83.32101299993155
1786705320.3291433,81.42022900005941
1786705320.4106266,81.43672799997148
1786705320.4923704,81.70045000019854
1786705320.574419,81.8855039999562
1786705320.656363,81.7907450000348
1786705320.7376735,81.2612109998554
1786705320.818989,81.26885899991976
1786705320.899797,80.75217800001155
1786705320.9806848,80.84230600002229
1786705321.0625024,81.76996900010636
1786705321.1442378,81.68632000001708
1786705321.2315638,87.27256399993166
1786705321.3509867,119.3673340001169
1786705321.4481494,96.92433999998684
1786705321.52893,80.7337329999882
1786705321.6108072,81.83233800014023
1786705321.6920483,81.19717599993237
1786705321.7724202,80.3261809999185
1786705321.8529463,80.48190199997407
1786705321.9333262,80.33023600000888
1786705322.0140576,80.68804899994575
1786705322.0959034,81.80137599993031
1786705322.17912,83.17288600005668
1786705322.260418,81.25234199997067
1786705322.3411329,80.67088300003888
1786705322.4218197,80.64182700013589
1786705322.5039375,82.07163399993078
1786705322.5849242,80.94154800005526
1786705322.6656654,80.69651300002079
1786705322.7463608,80.64971599992532
1786705322.82723,80.80306700003348
1786705322.9082525,80.97821399996974
1786705322.9889119,80.61582799996359
1786705323.0698476,80.89078900002278
1786705323.1518512,81.9585230001394
1786705323.234468,82.56170599997859
1786705323.316671,82.15507899990371
1786705323.397487,80.76708600015081
1786705323.502801,105.26699499996539
1786705323.6112514,108.40580800004318
1786705323.6928816,81.58421100006308
1786705323.7736053,80.67729100002907
1786705323.8543441,80.69308699987232
1786705323.9358041,81.39339700005621
1786705324.016751,80.90029000004506
1786705324.0970829,80.285996999919
1786705324.1784716,81.34393599993928
1786705324.2593958,80.87806799994723
1786705324.3406043,81.16256700009217
1786705324.4224687,81.81734000004326
1786705324.5034692,80.95521599989297
1786705324.5844874,80.96638300003178
1786705324.6645932,80.05951699988145
1786705324.7450302,80.38868199992066
1786705324.8252795,80.20433199999388
1786705324.9054472,80.12153599997873
1786705324.9870377,81.544471999905
1786705325.067618,80.53312700008064
1786705325.1491063,81.44415800006755
1786705325.2309268,81.77285900001152
1786705325.3116062,80.6339600001138
1786705325.392778,81.12397500008228
1786705325.4731693,80.34564600006888
1786705325.5546434,81.42756500001269
1786705325.661007,106.32032300009087
1786705325.76537,104.27655700004834
1786705325.8603957,94.98033599993505
1786705325.940834,80.39227600011145
1786705326.0213397,80.46283099997709
1786705326.1020327,80.64694099994085
1786705326.1858342,83.75573700004679
1786705326.2666836,80.79973599978985
1786705326.3477273,81.00214299997788
1786705326.4281964,80.4238499999883
1786705326.5090947,80.853475999902
1786705326.5891614,80.02157500004614
1786705326.6707685,81.56089899989638
1786705326.7512717,80.45946099991852
1786705326.834471,83.1542780001655
1786705326.9154458,80.92888400005904
1786705326.9961371,80.64529300008871
1786705327.0786073,82.42161600014697
1786705327.1588387,80.18705599988607
1786705327.2407758,81.8505649999679
1786705327.3228328,82.00093400000696
1786705327.4045691,81.5988809999908
1786705327.4864132,81.72449099993173
1786705327.5670147,80.55697899999359
1786705327.6484694,81.40997499981495
1786705327.729912,81.39593700002479
1786705327.8387816,108.8188840001294
1786705327.9338524,94.97650399998747
1786705328.0236897,89.79066500000954
1786705328.1053858,81.55223400012801
1786705328.1878505,82.41837600007784
1786705328.2695377,81.53945499998372
1786705328.3508413,81.25825299998723
1786705328.4327924,81.90547200001674
1786705328.5148833,82.0443970001179
1786705328.596189,81.26088399990294
1786705328.6784077,82.17252600002212
1786705328.7601383,81.68558500005929
1786705328.8414145,81.229717000042
1786705328.923133,81.67084399997293
1786705329.00534,82.16235899999447
1786705329.087274,81.88838000000942
1786705329.169051,81.73310300003322
1786705329.2506695,81.57266000011987
1786705329.3319683,81.25364299985449
1786705329.4131284,81.03229300013481
1786705329.4943538,81.17564399981347
1786705329.5766726,82.19654399999854
1786705329.6584148,81.69340000017655
1786705329.7398188,81.35601200001474
1786705329.820971,81.10469899997952
1786705329.901892,80.84349800014934
1786705329.9930735,91.03647300003104
1786705330.0925543,99.33514599993032
1786705330.1928873,100.28512200005935
1786705330.274191,81.17182900014086
1786705330.3553648,80.90529400010382
1786705330.4370298,81.53117899996687
1786705330.5179398,80.8690530000149
1786705330.5992959,81.26936500002557
1786705330.6811118,81.76684399995793
1786705330.7634442,82.28295200001412
1786705330.8450363,81.54508699999496
1786705330.9257672,80.68190600010894
1786705331.0068204,81.00583100008407
1786705331.0882356,81.36540300006345
1786705331.171135,82.8499679998913
1786705331.2531016,81.91517699992801
1786705331.334097,80.94733100006124
1786705331.4155326,81.38705100009247
1786705331.49707,81.49132800008374
1786705331.579537,82.41817499992976
1786705331.661179,81.59482699988985
1786705331.7420144,80.78753599988886
1786705331.8232844,81.22206999996706
1786705331.9060035,82.67109900020841
1786705331.987117,81.06684899985339
1786705332.068627,81.4635140000064
1786705332.1546292,85.82378500000232
1786705332.257262,102.58318499995767
1786705332.3598819,102.57453600002009
1786705332.4422634,82.33269400011523
1786705332.5233707,81.06129399993733
1786705332.6061018,82.6832469999772
1786705332.6865263,80.37664999983463
1786705332.768304,81.59321700009059
1786705332.8505256,82.17771299996457
1786705332.9317102,80.96616500006348
1786705333.0134077,81.65343900009248
1786705333.0945745,81.12101699998675
1786705333.1783235,83.70272399997702
1786705333.2614727,83.10111599985248
1786705333.3443148,82.7924879999955
1786705333.4258304,81.4658290000807
1786705333.507144,81.26892300015243
1786705333.5887208,81.53092199995626
1786705333.6703467,81.40481099985664
1786705333.752712,82.2995460000584
1786705333.8339326,81.17505300015182
1786705333.9153812,81.40379200017378
1786705333.9974444,82.01856699997734
1786705334.0786455,81.15466499998547
1786705334.1602585,81.56921799991323
1786705334.2438567,83.4472999999889
1786705334.325529,81.5248490000613
1786705334.4265802,100.90336200005368
1786705334.5285044,101.8823940000857
1786705334.6169162,88.27423399998224
1786705334.6980171,81.05616600005305
1786705334.780521,82.45860200008792
1786705334.8623145,81.74856999994518
1786705334.9427361,80.3753919999508
1786705335.0245185,81.73860700003388
1786705335.1062794,81.71299600007842
1786705335.1894605,83.13702499981446
1786705335.2707312,81.22498000011547
1786705335.3520384,81.26299900004597
1786705335.433946,81.86280999984774
1786705335.5155978,81.60775600003944
1786705335.597571,81.92753100001937
1786705335.678789,81.17220299982364
1786705335.7598267,80.99137099998188
1786705335.8420029,82.12967800000115
1786705335.9231327,81.08199899993451
1786705336.0050824,81.90197599992644
1786705336.0865872,81.46025700011705
1786705336.1678207,81.19362899992666
1786705336.2502606,82.39352999999028
1786705336.3319879,81.64436700008082
1786705336.413921,81.881439999961
1786705336.4962034,82.19877100009398
1786705336.5928292,96.57257499998195
1786705336.697333,104.44169399988823
1786705336.7886586,91.27719800017076
1786705336.87053,81.82731100009732
1786705336.9518785,81.30305500003487
1786705337.0344172,82.4924920000285
1786705337.1162853,81.73357100008616
1786705337.1991298,82.69686199992066
1786705337.2808383,81.43190600003436
1786705337.3623216,81.4352389998021
1786705337.4436622,81.29083300013917
1786705337.5258358,82.00221800007057
1786705337.6118946,86.01336099991386
1786705337.6931849,81.24548200021309
1786705337.7749858,81.75168200000371
1786705337.8580296,82.99850699995659
1786705337.9395947,81.5211089998229
1786705338.0218017,82.1678099998735
1786705338.1029208,80.98244699999668
1786705338.1867244,83.75615299996753
1786705338.2705033,83.69194900001276
1786705338.353033,82.45243800001845
1786705338.4355323,82.45340100006615
1786705338.517158,81.58175799985656
1786705338.598367,81.15883400000712
1786705338.6796253,81.15427899997485
1786705338.7748988,95.22245399989515
1786705338.8716693,96.72496500002126
1786705338.966047,94.33221899985256
1786705339.0476499,81.55885100018168
1786705339.1289048,81.16640899993399
1786705339.2112033,82.25436499992611
1786705339.2925575,81.20994499995504
1786705339.3746376,82.02451499982999
1786705339.45755,82.8212699998403
1786705339.538788,81.20113100017079
1786705339.6266143,87.78201799987073
1786705339.7229075,96.25157899995429
1786705339.823427,100.47260900000765
1786705339.9380517,114.5811369999592
1786705340.0342274,96.13178400013567
1786705340.1262424,91.96840100003101
1786705340.2250023,98.7086579998504
1786705340.329791,104.74475099999836
1786705340.4218457,92.00604900001963
1786705340.5084496,86.53237800012903
1786705340.5933807,84.88468399991689
1786705340.6810145,87.58264900006907
1786705340.7659323,84.87401800016414
1786705340.8514733,85.49638400018011
1786705340.949696,98.17545800001426
1786705341.0503428,100.6005169999753
1786705341.157944,107.53358800002388
1786705341.244953,86.960450000106
1786705341.3316088,86.60802599979434
1786705341.4176717,86.01480800007266
1786705341.5041213,86.40334200003963
1786705341.5898125,85.64651400001821
1786705341.6749964,85.13403500001004
1786705341.7607355,85.69071600004463
1786705341.8479753,87.19563300019217
1786705341.9339905,85.9714000000622
1786705342.0208461,86.81170999989263
1786705342.1064203,85.53016299993033
1786705342.193265,86.80043300000762
1786705342.3146117,121.30302600007781
1786705342.4165397,101.88063999999031
1786705342.5165348,99.94931899996118
1786705342.6143188,97.73818300004677
1786705342.708363,93.99924199988163
1786705342.8046267,96.21828500007723
1786705342.899334,94.66125700009798
1786705342.9941099,94.73021899998457
1786705343.0906134,96.45500600004198
1786705343.204253,113.5864790001051
1786705343.3367126,132.2924440000861
1786705343.433515,96.75652300006732
1786705343.5342617,100.59535300001698
1786705343.645054,110.72475499986467
1786705343.7562826,111.18123400001423
1786705343.8504138,94.04815000016242
1786705343.956527,106.06265399997028
1786705344.072292,115.61009800016109
1786705344.1833057,110.86653400002433
1786705344.2947776,111.3896049998857
1786705344.3934705,98.64745700019739
1786705344.4997277,105.91015499994683
1786705344.6001227,100.30407700014621
1786705344.720338,120.10094199990817
1786705344.8159873,95.48647600013282
1786705344.9129117,96.87111599987475
1786705345.0189087,105.94898899989857
1786705345.1169438,97.98736900006588
1786705345.2142174,97.23100299993348
1786705345.3273275,113.0572070001108
1786705345.4694097,142.0241480000186
1786705345.5541556,84.6997989999636
1786705345.634731,80.53061999999045
1786705345.7171376,82.36171999988073
1786705345.7989566,81.77766800008612
1786705345.880112,81.11169099993276
1786705345.9606311,80.47280499999943
1786705346.0422108,81.53479999987212
1786705346.1232839,81.0272469998381
1786705346.206152,82.82319899990398
1786705346.287476,81.27941199995803
1786705346.3684072,80.88482199991631
1786705346.4493756,80.92324799986272
1786705346.5311265,81.70796500007782
1786705346.6117444,80.57215700000597
1786705346.6923654,80.57773099994847
1786705346.7726705,80.25765900015358
1786705346.85333,80.61415699989993
1786705346.9341547,80.78161900016312
1786705347.0152197,81.01752499987924
1786705347.0961494,80.88543399981063
1786705347.178677,82.48333200003799
1786705347.2598555,81.1339509998561
1786705347.3425117,82.61198000013792
1786705347.42366,81.10419099989485
1786705347.532205,108.49975299993275
1786705347.6247427,92.4937179997869
1786705347.7225947,97.6986499999839
1786705347.8033447,80.70500899998478
1786705347.8849387,81.5037449999636
1786705347.9665525,81.53726299997288
1786705348.047725,81.08685899992452
1786705348.1308784,83.07462499988105
1786705348.214088,83.16547599997648
1786705348.2963352,82.20170399999915
1786705348.3787932,82.41425899996102
1786705348.4607644,81.92357699999775
1786705348.5430462,82.1582789999411
1786705348.6244662,81.35422800000924
1786705348.707792,83.28288300003805
1786705348.7920125,84.17682200001764
1786705348.874981,82.86903399994117
1786705348.9564033,81.37757899999087
1786705349.0387435,82.2866860000886
1786705349.1199675,81.17934000006244
1786705349.202775,82.72134999992886
1786705349.2845573,81.44887599996764
1786705349.3663611,81.44752400016841
1786705349.4482741,81.8306510000184
1786705349.5310614,82.74351600016416
1786705349.6118891,80.76097299999674
1786705349.7173738,105.4394760001287
1786705349.8182986,100.88167000003523
1786705349.9044464,86.10001500005637
1786705349.987593,83.09640299989951
1786705350.069722,82.05213199994432
1786705350.151822,82.0160030000352
1786705350.2360232,84.09710199998699
1786705350.3175004,81.4274879999175
1786705350.399645,81.96661500005575
1786705350.482546,82.8536090000398
1786705350.5640934,81.50059799982046
1786705350.6465235,82.38177900011578
1786705350.7285542,81.98454100011077
1786705350.8093212,80.71810300020843
1786705350.8917935,82.39700099989022
1786705350.973181,81.31084100000407
1786705351.0558057,82.54735199989227
1786705351.1371477,81.25960100005614
1786705351.219637,82.44181600002776
1786705351.3017051,82.02035500016791
1786705351.383415,81.52441400011412
1786705351.4661899,82.59700000007797
1786705351.5480874,81.84361500002524
1786705351.6293712,81.23898899998494
1786705351.7118146,82.39959399998042
1786705351.7927678,80.90762100005122
1786705351.8938267,101.01342999996632
1786705351.9908698,96.99447100001635
1786705352.0879276,97.00880599984885
1786705352.1687195,80.7461780000267
1786705352.2518241,83.05938700004845
1786705352.332968,81.09821299990472
1786705352.4136825,80.63827199998741
1786705352.4946887,80.96137999996245
1786705352.5760472,81.19502700014891
1786705352.6565459,80.35366200010685
1786705352.7372966,80.57401200017011
1786705352.818505,80.90491799998745
1786705352.8996484,80.97056500014332
1786705352.9803462,80.52247600016926
1786705353.0614078,80.89714000016102
1786705353.1425147,81.06282499988993
1786705353.2250054,82.44577999994362
1786705353.3073173,82.2418549998929
1786705353.3886883,81.27943499994217
1786705353.4700027,81.27008299993577
1786705353.5521328,82.0823560000008
1786705353.6323607,80.18188599999121
1786705353.7130544,80.64377200003037
1786705353.7957435,82.5398720000976
1786705353.8765814,80.79223400000046
1786705353.9581668,81.53950800010534
1786705354.0438542,85.63957599994865
1786705354.1425078,98.59085299990511
1786705354.2524383,109.87921400010237
1786705354.333763,81.27817699983098
1786705354.414802,80.99527099989245
1786705354.4965472,81.70159900009821
1786705354.5780609,81.4692860001287
1786705354.6585932,80.4892920000384
1786705354.7401872,81.52617499990811
1786705354.8208933,80.66312400001152
1786705354.9016623,80.72060499989675
1786705354.9830666,81.35841600005733
1786705355.064091,80.89158600000701
1786705355.1465,82.22941200006062
1786705355.2285233,81.87676599982296
1786705355.3097918,81.10047400009535
1786705355.3913083,81.47117600015008
1786705355.4725623,81.20784399989134
1786705355.553393,80.78797600001053
1786705355.6357064,82.24404200018398
1786705355.7194147,83.66190400010964
1786705355.8017113,82.24787500012098
1786705355.8830712,81.3130659998933
1786705355.9643934,81.27828800002135
1786705356.0453365,80.89679099998648
1786705356.1264756,81.09230700006265
1786705356.210039,83.51514499986479
1786705356.3165462,106.46240200003376
1786705356.4208188,104.22867400006908
1786705356.501289,80.41994100017291
1786705356.5818937,80.55766300003597
1786705356.6632762,81.33356600001207
1786705356.7441945,80.86864300003072
1786705356.8286223,84.07254999997349
1786705356.9093199,80.65214400016885
1786705356.9896736,80.30792299996392
1786705357.0714064,81.68674999978975
1786705357.1524935,81.04355000000396
1786705357.2348683,82.32752300000357
1786705357.3160942,81.18097399983526
1786705357.3972995,81.15999300002841
1786705357.4784331,81.0889379999935
1786705357.561468,82.99100199997156
1786705357.6486082,87.09575500006395
1786705357.7292976,80.64557000011519
1786705357.8104205,81.07529099993371
1786705357.8919706,81.24908599984337
1786705357.9842389,92.22031800004515
1786705358.0659668,81.67865700011134
1786705358.1481273,82.10796999992453
1786705358.2291439,80.96362500009491
1786705358.3099282,80.73506999994606
1786705358.3921082,82.12808000007499
1786705358.4934464,101.2913220001792
1786705358.599926,106.25790399990365
1786705358.681437,81.465936000086
1786705358.7633767,81.89708200006862
1786705358.8450558,81.63473199988402
1786705358.925789,80.66808900002798
1786705359.0081208,82.21069100000022
1786705359.0916758,83.41251799993188
1786705359.175293,83.51692499991259
1786705359.2572484,81.90924899986385
1786705359.3385196,81.20743900008165
1786705359.4206889,82.04797000007602
1786705359.5025167,81.72723200004839
1786705359.5842452,81.60432499994386
1786705359.6648066,80.45549799999208
1786705359.745662,80.69131199999902
1786705359.8264165,80.63197899991792
1786705359.9085681,81.99022999997396
1786705359.9901586,81.27336399979868
1786705360.0727463,82.45132100000774
1786705360.1534889,80.65103499984616
1786705360.2362301,82.42911699994693
1786705360.3183324,81.92267499998707
1786705360.4014678,82.81354099995042
1786705360.4827933,81.22680900009982
1786705360.5652938,82.21391500001118
1786705360.6661687,100.59006799997405
1786705360.7757866,109.01439000008395
1786705360.8696437,93.44918400006463
1786705360.9520779,82.21335999996882
1786705361.0338166,81.42554899995957
1786705361.1157796,81.62815899981979
1786705361.1983235,82.21715600006974
1786705361.2810287,82.60839499985195
1786705361.3643587,83.28413200001705
1786705361.446052,81.3817339999332
1786705361.5279484,81.71915799994167
1786705361.6096628,81.35797599993566
1786705361.691418,81.43114199992851
1786705361.7730455,81.4924379999411
1786705361.8553467,82.2157300001436
1786705361.93715,81.55230900001698
1786705362.01883,81.37736499998027
1786705362.1014478,82.53226600004382
1786705362.1847785,83.26437300001999
1786705362.266147,81.12823700002991
1786705362.349031,82.64457999985098
1786705362.4298403,80.68244299988692
1786705362.5121844,82.21795300005397
1786705362.5935462,81.29392099999677
1786705362.6751268,81.51340099993831
1786705362.756698,81.52482700006658
1786705362.8562727,99.51155699991432
1786705362.9665484,110.2367729999969
1786705363.0574362,90.83897799996521
1786705363.1381965,80.7238510001298
1786705363.2200754,81.8350479999026
1786705363.3021965,82.02834299981987
1786705363.3830874,80.8408689999851
1786705363.4646666,81.49729100000513
1786705363.5453353,80.57522199987943
1786705363.6263514,80.91208999985611
1786705363.7083697,81.8872330000886
1786705363.7901218,81.70464099998753
1786705363.8722231,82.05271300016648
1786705363.9538908,81.57084599997688
1786705364.0364501,82.46523000002526
1786705364.117434,80.89196199989601
1786705364.2010505,83.57235300013599
1786705364.2820811,80.94496099988646
1786705364.3635337,81.3647550000951
1786705364.4450448,81.4187739999852
1786705364.5270262,81.93427000014708
1786705364.6097603,82.63259899990771
1786705364.692113,82.26058400009606
1786705364.7733848,81.18455199996788
1786705364.8542736,80.79581400011193
1786705364.9360702,81.7012899999554
1786705365.040042,103.92457000011746
1786705365.1301548,90.0221499998679
1786705365.2266,96.3974109999981
1786705365.308787,82.09088099988548
1786705365.3898864,81.05355400016379
1786705365.4701476,80.22148499981085
1786705365.5517201,81.52481100000841
1786705365.634295,82.29126899982475
1786705365.7168093,82.46695299999374
1786705365.7987564,81.62573499998871
1786705365.8809156,81.71769800014772
1786705365.9624119,81.15681300000688
1786705366.0448968,82.17280700000629
1786705366.1267464,81.78040200004943
1786705366.2106993,83.6419280001337
1786705366.2934167,82.67189700018207
1786705366.3748941,81.14218299988352
1786705366.4564102,81.10916600003293
1786705366.5387473,82.29513999981464
1786705366.620079,81.28977500018664
1786705366.7023647,82.19438099990839
1786705366.7835207,81.06483200003822
1786705366.8650465,81.48275500002455
1786705366.9472363,81.93112399999336
1786705367.0281503,80.79764800004341
1786705367.1102018,81.72469900000578
1786705367.2042851,93.75085300007413
1786705367.3039808,99.39043100007439
1786705367.3978362,93.5182050000094
1786705367.4794831,81.33149799982675
1786705367.5611558,81.62499600007322
1786705367.6425633,81.3599969999359
1786705367.725571,82.96141499999976
1786705367.8067627,81.14429600004769
1786705367.8882504,81.44160800020472
1786705367.9702015,81.80582800014236
1786705368.0519154,81.38842300013494
1786705368.1344023,82.419974000004
1786705368.2181284,83.46874599988041
1786705368.299714,81.53714499985654
1786705368.3824148,82.65043599999444
1786705368.4635916,81.12779499992939
1786705368.5459876,82.34564000008504
1786705368.6268785,80.84142699999575
1786705368.7082102,81.280943000138
1786705368.790907,82.64950900002077
1786705368.8718014,80.84409399998549
1786705368.9538198,81.97203200006697
1786705369.0356357,81.76449600000524
1786705369.1180363,82.35452999997506
1786705369.201074,82.98622999996041
1786705369.282314,81.19448100001136
1786705369.3874223,105.06025199993019
1786705369.5009592,113.48296400001345
1786705369.5827868,81.7823849999968
1786705369.6654894,82.43278800000553
1786705369.7471883,81.61190500004523
1786705369.8292563,81.9622359999812
1786705369.911288,81.9497360000696
1786705370.0039372,92.43913999989672
1786705370.0863664,82.1778639999593
1786705370.16819,81.66959000004681
1786705370.2503545,81.90664400012793
1786705370.3335576,82.73750899979859
1786705370.4151533,81.49512799991498
1786705370.497342,82.02508799990937
1786705370.5788178,81.4317580000079
1786705370.660922,81.99344000013298
1786705370.7435293,82.31101299998045
1786705370.8255084,81.84619999997267
1786705370.9073513,81.77492300001177
1786705370.9905534,83.13641499989899
1786705371.0724428,81.61420200008251
1786705371.1554174,82.73632500004169
1786705371.2377694,82.21577299991623
1786705371.3188837,81.02192799992736
1786705371.4024568,83.5045619999164
1786705371.4841497,81.58790500010582
1786705371.6001441,115.94958000000588
1786705371.7045233,104.3382569998812
1786705371.7866306,82.06079199999294
1786705371.868062,81.38407299998107
1786705371.949021,80.9135580000202
1786705372.0314162,82.34601300000577
1786705372.112838,81.37766699996973
1786705372.1956062,82.66114100001687
1786705372.277944,82.2923659998196
1786705372.3588324,80.84409599996434
1786705372.4409726,81.99577400000635
1786705372.521642,80.49131999996462
1786705372.6031966,81.5078519999588
1786705372.6850777,81.78194299989627
1786705372.7655063,80.25382100004208
1786705372.8465042,80.95316899994032
1786705372.9280376,81.46586999987449
1786705373.0095477,81.46614799989038
1786705373.0924797,82.89004700009173
1786705373.1730037,80.42626499991457
1786705373.255697,82.64884499999425
1786705373.338648,82.86554799997248
1786705373.4206877,81.97303399992961
1786705373.5035315,82.8007699999489
1786705373.5854182,81.84375700011515
1786705373.6675453,82.08316300010665
1786705373.7747884,107.19724300020061
1786705373.8805442,105.70567700005995
1786705373.9681242,87.53468800000519
1786705374.051274,83.10458399978415
1786705374.1336148,82.29301500000474
1786705374.2162485,82.58738300014556
1786705374.297551,81.25427999993917
1786705374.3789914,81.35914900003627
1786705374.4613833,82.32305100000303
1786705374.5440273,82.40210600001774
1786705374.6261992,82.12820099993223
1786705374.7073927,81.14694699997926
1786705374.7878153,80.3757849998874
1786705374.870542,82.58860599994478
1786705374.9518113,81.17620600000919
1786705375.0338302,81.79198099992391
1786705375.1150732,80.92106000003696
1786705375.1963286,80.94376300005024
1786705375.2781723,81.69450000013967
1786705375.359201,80.77559800017298
1786705375.4399135,80.56319100001019
1786705375.5204208,80.3579890000492
1786705375.602634,82.06309000001966
1786705375.6853197,82.54038399991259
1786705375.7668655,81.39811299997746
1786705375.8480756,80.98048600004404
1786705375.9413962,93.27430500002265
1786705376.0439973,102.55482599995958
1786705376.1400075,95.96190100000968
1786705376.2233171,83.26314000009916
1786705376.3045201,81.15504099987447
1786705376.3873334,82.7696050000668
1786705376.4685297,81.1518549999164
1786705376.5499709,81.3923910000085
1786705376.6315546,81.5373160000945
1786705376.7130437,81.31011400018906
1786705376.7950592,81.96872100006658
1786705376.8798916,84.78992699997434
1786705376.9606378,80.69945100010045
1786705377.0428574,81.88953700005186
1786705377.1251523,82.24770100014211
1786705377.2087703,83.57150899996668
1786705377.2902021,81.38376099986999
1786705377.371599,81.31444699984058
1786705377.4527593,81.11165200011783
1786705377.534344,81.53137199997218
1786705377.6200738,85.66336700005195
1786705377.701975,81.85248100016906
1786705377.7834322,81.4113169999473
1786705377.8655283,82.05609199990249
1786705377.9480348,82.45762599995032
1786705378.0296643,81.58209400016858
1786705378.1209388,91.22937400002229
1786705378.2137709,92.78593899989573
1786705378.3171647,103.34693499999048
1786705378.3992796,82.06857300001502
1786705378.482103,82.77790300007837
1786705378.5643818,82.23357199995007
1786705378.646208,81.78016700003354
1786705378.729061,82.63682900019376
1786705378.8113713,82.26444299998548
1786705378.893073,81.37080000005881
1786705378.9755766,82.45938599998226
1786705379.056447,80.82809899997301
1786705379.1396554,83.1639200000609
1786705379.2215264,81.8266119999862
1786705379.3037586,82.18607300000258
1786705379.3850002,81.19537499987928
1786705379.4679773,82.93381000021327
1786705379.5491903,81.17015299990271
1786705379.6312177,81.9799820001208
1786705379.712923,81.65874299993447
1786705379.7953138,82.347572000117
1786705379.8777006,82.3425529999895
1786705379.960458,82.71358899992265
1786705380.0427496,82.25449899987325
1786705380.123999,81.20498599987513
1786705380.2066433,82.59625699997741
1786705380.2890756,82.39142399997945
1786705380.3975356,108.41696299985415
1786705380.504011,106.42930699987119
1786705380.585707,81.64929899999152
1786705380.6683276,82.57653400005438
1786705380.7494159,81.0431540000991
1786705380.831374,81.90776099991126
1786705380.9126358,81.21285699985492
1786705380.9948168,82.13403700005983
1786705381.0764785,81.61405900000318
1786705381.1579804,81.46070799989502
1786705381.2399874,81.96083500001805
1786705381.322902,82.86747800002559
1786705381.404361,81.41396700011683
1786705381.4859083,81.49987499996314
1786705381.567686,81.73009600000114
1786705381.6485753,80.84308200000123
1786705381.730649,82.02824199997849
1786705381.8129423,82.25099900005262
1786705381.894663,81.522244000098
1786705381.9762664,81.55833699993309
1786705382.057376,81.06528400003299
1786705382.139561,82.1390749999864
1786705382.223582,83.97386099977666
1786705382.3052683,81.63950399989517
1786705382.3871279,81.81231699995806
1786705382.4687219,81.54992999993738
1786705382.5754006,106.63391900015995
1786705382.6815972,106.15332900010799
1786705382.7643154,82.67209099994943
1786705382.845766,81.40367200007859
1786705382.9276798,81.8690759999754
1786705383.0101469,82.42138900004647
1786705383.0922287,82.0333159999791
1786705383.1735537,81.2803389999317
1786705383.2543392,80.74351000004754
1786705383.3370342,82.61933200014937
1786705383.4194016,82.31938900007663
1786705383.500294,80.84445300005427
1786705383.5821767,81.83276299996578
1786705383.6639888,81.76865100017494
1786705383.7463338,82.3025750000852
1786705383.827882,81.505653000022
1786705383.9088182,80.89215700010755
1786705383.9895883,80.72630499987099
1786705384.0719907,82.3592589999862
1786705384.1539075,81.87090999990687
1786705384.2371514,83.20012599983784
1786705384.3189144,81.71481899989885
1786705384.4004667,81.49345000015273
1786705384.4828873,82.37540799996168
1786705384.5650918,82.16016799997305
1786705384.6460767,80.93893399995977
1786705384.7531517,106.96345500014104
1786705384.8572876,104.06343399995421
1786705384.9387896,81.40980299981493
1786705385.0200386,81.17324799991366
1786705385.1014125,81.31543200011038
1786705385.1846828,83.22536700006822
1786705385.2658465,81.09687899991513
1786705385.348364,82.47311199988872
1786705385.4286244,80.21516199983125
1786705385.5089848,80.31401200014443
1786705385.5897546,80.72078800000781
1786705385.6723087,82.44772299985925
1786705385.7565045,84.1314719998536
1786705385.837014,80.46316000013576
1786705385.9178722,80.81308399982845
1786705385.9983227,80.40769700005512
1786705386.0813632,82.99744199985071
1786705386.161842,80.43825300001117
1786705386.2439446,82.04196699989552
1786705386.3249915,80.99995299994589
1786705386.405896,80.72628800005077
1786705386.4880414,81.974855999988
1786705386.5688272,80.62178899990613
1786705386.64918,80.25395799995749
1786705386.7303295,81.10904599993773
1786705386.8142653,83.89119699995717
1786705386.907684,93.37414300011915
1786705387.0068212,99.08987099993283
1786705387.1005847,93.71388299996397
1786705387.1827738,82.14446599981784
1786705387.2636337,80.81736200006162
1786705387.3443482,80.67041899994365
1786705387.4256415,81.24808200000189
1786705387.5071013,81.29617500003405
1786705387.588941,81.67926500004796
1786705387.6702447,81.0943059998408
1786705387.7517757,81.18360200001007
1786705387.8330238,80.92632500006403
1786705387.9143016,81.22428699994089
1786705387.996233,81.8851710000672
1786705388.0769231,80.64529000012044
1786705388.1579473,80.9770099999696
1786705388.2404902,82.4985019999076
1786705388.3212757,80.73934499998359
1786705388.4035912,82.27200300007098
1786705388.4845662,80.93147299996417
1786705388.565454,80.84384500011765
1786705388.6476457,82.14526300002944
1786705388.7291489,81.45809999996345
1786705388.8094559,80.26062599992656
1786705388.8900948,80.59575299989774
1786705388.9717433,81.60793299998659
1786705389.052888,81.0994920000212
1786705389.15649,103.448126000103
1786705389.2735696,116.93655099998068
1786705389.3586435,83.49123800007874
1786705389.441919,83.18455400012681
1786705389.5260537,83.86147700002766
1786705389.6073573,80.97880700006499
1786705389.6890001,81.3340459999381
1786705389.7721944,83.07362899995496
1786705389.8552756,82.81957400004103
1786705389.9386194,83.10068399987358
1786705390.0208871,82.15617099995143
1786705390.1040971,83.14492500016968
1786705390.1876512,83.31549799981985
1786705390.2693155,81.61947100006728
1786705390.3526676,83.07410999987042
1786705390.434126,81.31852800011075
1786705390.5164928,82.29772599997887
1786705390.5982857,81.74765500007197
1786705390.679973,81.64098899987948
1786705390.7621171,82.09794999993392
1786705390.8434432,81.2783799999579
1786705390.9250937,81.60586000008152
1786705391.0073853,82.06826499986164
1786705391.08896,81.53241600007277
1786705391.170932,81.92867299999307
1786705391.252737,81.76285900003677
1786705391.3661957,113.41564599979392
1786705391.4739807,107.49006700007158
1786705391.5549014,80.87173500007339
1786705391.635708,80.75879100010752
1786705391.7175562,81.79830399990351
1786705391.8028615,85.19247000003816
1786705391.887327,84.41758599997229
1786705391.968149,80.70051400000011
1786705392.049959,81.70691500004068
1786705392.1306756,80.63895899999807
1786705392.2128224,82.10109900005591
1786705392.2940512,81.1813819998406
1786705392.3746586,80.56147799993596
1786705392.4554646,80.76081000012891
1786705392.5372536,81.74226799997086
1786705392.618092,80.79462399996373
1786705392.6985495,80.41371900003469
1786705392.7795322,80.9357910000017
1786705392.8603761,80.80017999986921
1786705392.9409134,80.49142199979542
1786705393.0225527,81.59560200010674
1786705393.1043506,81.74669300001369
1786705393.1861558,81.76024899989898
1786705393.2669535,80.75607000000673
1786705393.348024,81.02567900004942
1786705393.430002,81.9331930001681
1786705393.5337608,103.66070200007016
1786705393.63444,100.33333100000164
1786705393.7226472,88.11736199982079
1786705393.8031085,80.37818299999344
1786705393.8847795,81.62473199990927
1786705393.9655864,80.76051399984863
1786705394.0478492,82.21628399996916
1786705394.1306083,82.71293000007063
1786705394.212992,82.3371720000523
1786705394.2956288,82.59276400008275
1786705394.3778443,82.17119200003253
1786705394.458581,80.69179299991447
1786705394.5398884,81.26191900009871
1786705394.6208808,80.84777299995949
1786705394.7031696,82.24274700000933
1786705394.7850618,81.84278599992467
1786705394.8659487,80.84112500000629
1786705394.9466858,80.69157099998847
1786705395.0272024,80.4680900000676
1786705395.1086624,81.41664100003254
1786705395.1917825,83.07437300004494
1786705395.2767076,84.88001099999565
1786705395.3593943,82.63831999988724
1786705395.440023,80.58131199982199
1786705395.5212622,81.15721600006509
1786705395.6031284,81.73480599998584
1786705395.7113047,108.04069699997854
1786705395.8203402,108.98028399992654
1786705395.9016027,81.21162299994467
1786705395.983582,81.92930500013063
1786705396.0643167,80.68636799998785
1786705396.1449616,80.59738699989794
1786705396.2278886,82.87989199993717
1786705396.3106208,82.68361599994023
1786705396.3928998,82.23452599986558
1786705396.475061,82.11404500002573
1786705396.5559275,80.81970000012006
1786705396.6370847,81.11179100001209
1786705396.7189336,81.80065800002012
1786705396.8004642,81.48108499995033
1786705396.882337,81.8245460000071
1786705396.9634638,81.0794399999395
1786705397.044029,80.36803699997108
1786705397.1254725,81.36949400000049
1786705397.207597,82.0810640000218
1786705397.2889524,81.31149400014692
1786705397.3700328,81.0363299999608
1786705397.4511192,81.04108900010942
1786705397.5318527,80.6886459999987
1786705397.620539,88.64065700004176
1786705397.7030456,82.46435800015206
1786705397.784081,80.98762499980694
1786705397.8981402,114.0129610000713
1786705398.0040672,105.88026599998557
1786705398.0858176,81.7016959999819
1786705398.166444,80.57725799994842
1786705398.2490735,82.58050599988564
1786705398.330329,81.20629199993346
1786705398.412342,81.96326899997075
1786705398.4937954,81.4037540001209
1786705398.5753913,81.54897500003244
1786705398.6580935,82.6543020000372
1786705398.7385917,80.44874100005472
1786705398.8195686,80.92764499997429
1786705398.9007714,81.15260599993235
1786705398.9817944,80.97412600000098
1786705399.0638888,82.0471389999966
1786705399.1463578,82.42152599996189
1786705399.22851,82.08680499978982
1786705399.3099582,81.40064300005179
1786705399.3908622,80.85964599990803
1786705399.4718525,80.94638600005055
1786705399.553807,81.9091399998797
1786705399.6353946,81.54275400011102
1786705399.7162957,80.85634999997637
1786705399.797951,81.60971500001324
1786705399.8789806,80.98620100008702
1786705399.9607186,81.69536299988067
1786705400.0805435,119.78420900004494
1786705400.187732,107.1393160000298
1786705400.270573,82.76080199993885
1786705400.3519003,81.28284700001132
1786705400.4331374,81.19288500006405
1786705400.5149126,81.7309930000647
1786705400.5972748,82.02136199997767
1786705400.679908,82.59093300011955
1786705400.7611344,81.18129300009969
1786705400.8425052,81.32714399994256
1786705400.9243836,81.79893800001992
1786705401.006582,82.15330600000925
1786705401.0882955,81.66979099996752
1786705401.1719005,83.56085399987023
1786705401.253919,81.97365899991382
1786705401.33708,83.08230099987668
1786705401.4187832,81.6588640000191
1786705401.5008705,82.0425479998903
1786705401.582597,81.68321599987394
1786705401.664007,81.3675700001113
1786705401.7470834,83.03370900011942
1786705401.8284538,81.3220340000953
1786705401.911055,82.33963799989397
1786705401.9926467,81.55006899983164
1786705402.0745327,81.83121599995502
1786705402.1558702,81.29258999997546
1786705402.2577827,101.8671430001632
1786705402.36693,109.10125100008372
1786705402.4479537,80.95577700009926
1786705402.529023,80.93029499991644
1786705402.6110613,81.89336399982494
1786705402.6929352,81.77316100000098
1786705402.7747405,81.72099400007937
1786705402.8559086,81.07638599994971
1786705402.9380822,82.0993439999711
1786705403.0201483,81.94101200001569
1786705403.1006606,80.39076199997908
1786705403.1839645,83.20533799997065
1786705403.2657893,81.76155000001017
1786705403.3490148,83.16037500003404
1786705403.4306774,81.61984699995628
1786705403.5119965,81.27442299996801
1786705403.5934563,81.4124040000479
1786705403.6750546,81.5538290000859
1786705403.758806,83.70466900009887
1786705403.8399568,81.10196100005851
1786705403.9211566,81.15505299997494
1786705404.0028317,81.63130999992063
1786705404.0844877,81.55275599983725
1786705404.165605,80.99864700011494
1786705404.2483318,82.62849000016104
1786705404.3300183,81.64303300009124
1786705404.4345803,104.4705189999604
1786705404.5414941,106.87515300014638
1786705404.628198,86.65772799986371
1786705404.7104788,82.22856700012926
1786705404.791648,81.11959099983324
1786705404.8727758,81.08031399979154
1786705404.9545975,81.77440200006458
1786705405.0349026,80.25976299995818
1786705405.1171618,82.21264199983125
1786705405.1994758,82.26912199984326
1786705405.281083,81.56196000004456
1786705405.362644,81.51475599993319
1786705405.4433298,80.63792699999794
1786705405.5239952,80.61913200003801
1786705405.6062253,82.18206700007613
1786705405.687369,81.09901800003172
1786705405.7696266,82.2119190002013
1786705405.8506217,80.95011099999283
1786705405.9308178,80.15176399999291
1786705406.0114546,80.59144699996068
1786705406.09303,81.53016400001434
1786705406.1768503,83.77272600000651
1786705406.2576642,80.77007500014588
1786705406.3389363,81.22555400018427
1786705406.4207153,81.73401499993815
1786705406.5034544,82.69463900001028
1786705406.5957682,92.2683460000826
1786705406.7202387,124.42865000002712
1786705406.8020544,81.77205199990567
1786705406.883141,81.04259200013075
1786705406.9639597,80.7744090000142
1786705407.0449078,80.90361199992913
1786705407.1257493,80.7958170000802
1786705407.2088256,83.03195300004518
1786705407.289588,80.71724299998095
1786705407.3717403,82.1087910001097
1786705407.452874,81.08799999990879
1786705407.5342596,81.34138700006588
1786705407.6165957,82.12953199995354
1786705407.6975772,80.93709400009175
1786705407.779413,81.78984799997124
1786705407.8610218,81.56486799998675
1786705407.943696,82.63021400011894
1786705408.0245621,80.8192979998239
1786705408.105783,81.17377799999304
1786705408.1884818,82.56849300005342
1786705408.269741,81.14737100004277
1786705408.3522801,82.40423400002328
1786705408.4334178,81.00346399987757
1786705408.5161936,82.66202899994823
1786705408.5973985,81.06085300005361
1786705408.6783023,80.8018909999646
1786705408.77635,97.9320189999271
1786705408.8822129,105.79356900007042
1786705408.9705048,88.22420199999215
1786705409.0514708,80.83159499983594
1786705409.1335416,81.92033000000265
1786705409.2162318,82.56888200003232
1786705409.299156,82.87473199993656
1786705409.3815577,82.3587709999174
1786705409.4634721,81.86940399991727
1786705409.5442426,80.62385600010202
1786705409.6252444,80.78509500001019
1786705409.7075021,82.12045899995246
1786705409.790049,82.48077100006412
1786705409.8713028,81.18631599995751
1786705409.952816,81.44292499991934
1786705410.0333009,80.35039399987909
1786705410.114911,81.54414700015877
1786705410.1982434,83.17211999997198
1786705410.2793622,81.00114999979269
1786705410.3616889,82.28001400016183
1786705410.4434078,81.65257299992845
1786705410.5251598,81.68299799990564
1786705410.6062856,80.96150200003649
1786705410.687834,81.45305499988353
1786705410.768525,80.58117099994888
1786705410.850116,81.50809199992182
1786705410.9569263,106.76325000008546
1786705411.048015,91.04179900009512
1786705411.142835,94.77316799984692
1786705411.225681,82.7981780000755
1786705411.3092568,83.52791500010426
1786705411.3906457,81.34233400005542
1786705411.472136,81.39787000004617
1786705411.5530694,80.88861400005953
1786705411.6350243,81.91003399997498
1786705411.7173135,82.24473600012061
1786705411.798445,81.08761299990874
1786705411.8797498,81.25872300001902
1786705411.961138,81.3400009999441
1786705412.043495,82.31105100003333
1786705412.1248038,81.26463100006731
1786705412.2082224,83.37389799999073
1786705412.289691,81.425481999986
1786705412.3720896,82.3532909998903
1786705412.45277,80.63465300006101
1786705412.5347116,81.89681299995755
1786705412.616346,81.58903599996847
1786705412.6973116,80.92046699994171
1786705412.7796843,82.32451399999263
1786705412.8607514,81.02000300004875
1786705412.9419966,81.19455799987918
1786705413.0252755,83.22710199990979
1786705413.1159155,90.507007000042
1786705413.2166574,100.7002469998497
1786705413.3136942,96.99371300007442
1786705413.3959284,82.18923799995537
1786705413.477271,81.29487299993343
1786705413.5582302,80.91302200000428
1786705413.6404455,82.16990500000065
1786705413.7216017,81.11202100008086
1786705413.8036325,81.98583200010034
1786705413.8848665,81.1891129999367
1786705413.966738,81.81714700003795
1786705414.049099,82.3137190000125
1786705414.130361,80.96206000004713
1786705414.212649,82.13823799997044
1786705414.2940812,81.34718700011945
1786705414.3764656,82.24244100006217
1786705414.4574182,80.90544899982888
1786705414.5387402,81.27576199990472
1786705414.6203694,81.483260999903
1786705414.701604,81.08594800000901
1786705414.7847152,82.96056699987275
1786705414.8669965,82.23497900007715
1786705414.948366,81.32111300005818
1786705415.030317,81.9031470000482
1786705415.1121159,81.75394399995639
1786705415.195402,83.23991799989017
1786705415.2809765,85.52236900004573
1786705415.3963568,115.32289199999468
1786705415.4960668,99.65499600002659
1786705415.5789742,82.85853099982887
1786705415.6607451,81.7267229999743
1786705415.7442765,83.48563900017325
1786705415.825245,80.92007900017961
1786705415.907145,81.85464700000011
1786705415.9887753,81.58370499995726
1786705416.070946,82.12594299993725
1786705416.152825,81.83774099984475
1786705416.2355506,82.41531199996643
1786705416.3166094,80.9418569999707
1786705416.397478,80.76330200015036
1786705416.479387,81.8624070000169
1786705416.5605855,81.086040999935
1786705416.6436117,82.72223599988138
1786705416.7250388,81.10261499996341
1786705416.8090594,83.747490000178
1786705416.890509,81.35529900005167
1786705416.9718525,81.20372600001247
1786705417.0528672,80.87385799990443
1786705417.135427,82.46475600003578
1786705417.2176304,82.10455500011449
1786705417.2981863,80.30080599996836
1786705417.380842,82.37333100009891
1786705417.4632008,82.07922199994755
1786705417.5677571,104.51411799999732
1786705417.6791227,111.26711800011435
1786705417.7612054,81.98627699994177
1786705417.8422296,80.87363599997843
1786705417.925362,83.00901200004773
1786705418.006735,81.32602199998473
1786705418.088346,81.51652100013962
1786705418.1696172,81.199856000012
1786705418.253083,83.4197710000808
1786705418.3343267,81.19902299995374
1786705418.4152584,80.88070999997399
1786705418.4970117,81.70818700000382
1786705418.5777605,80.70185899987337
1786705418.6597123,81.90044499997384
1786705418.740677,80.87772799990489
1786705418.8221383,81.41355800012207
1786705418.9030483,80.86509899999328
1786705418.9855294,82.15979600004175
1786705419.0660665,80.49280499994893
1786705419.148036,81.92550100011431
1786705419.229899,81.81750099993224
1786705419.3112028,81.15756000006513
1786705419.3926563,81.17248700000346
1786705419.4732969,80.32204599999204
1786705419.5552304,81.87809299988658
1786705419.6465526,91.20393200009858
1786705419.766193,119.59231499986345
1786705419.8598483,93.60543699995105
1786705419.9405549,80.65734100000554
1786705420.0212386,80.63519300003463
1786705420.1025493,81.26026400009323
1786705420.1853144,82.71814500017172
1786705420.266198,80.83633999990525
1786705420.3474114,81.1665979999816
1786705420.4282851,80.82617399986702
1786705420.5102453,81.90979799996967
1786705420.5915391,81.24878299986449
1786705420.6727266,81.14204299999983
1786705420.7534366,80.66632299983212
1786705420.8340929,80.6108790000053
1786705420.9147484,80.60789799992563
1786705420.996071,81.27839400003722
1786705421.0764787,80.36954699991838
1786705421.1577563,81.2331729998732
1786705421.2393928,81.59241099997416
1786705421.320453,81.01428400004806
1786705421.4013097,80.81160100005036
1786705421.481646,80.29176999980336
1786705421.5619366,80.24597399980848
1786705421.6433942,81.41237500012721
1786705421.724069,80.63280500005021
1786705421.8076067,83.49180799996248
1786705421.9117067,104.05512300008013
1786705422.0159607,104.21002900011445
1786705422.097237,81.22291400013637
1786705422.1793878,82.10461300018324
1786705422.2613993,81.96644599979663
1786705422.360385,98.9405960001477
1786705422.441781,81.35091300005115
1786705422.5241067,82.27996300001905
1786705422.6046858,80.53219499993247
1786705422.6853218,80.58650899988606
1786705422.767082,81.71389199992518
1786705422.8479433,80.81173000005037
1786705422.9297082,81.71644799995192
1786705423.0099406,80.18732599998657
1786705423.0904765,80.49054800017075
1786705423.1732008,82.67838799997662
1786705423.2550516,81.80774400011614
1786705423.3369021,81.80611500006307
1786705423.4173133,80.36797400018258
1786705423.4978926,80.53415799986396
1786705423.578788,80.85069399999156
1786705423.6612663,82.43038899991006
1786705423.7433076,81.99705800006996
1786705423.8237567,80.40175199994337
1786705423.9048607,81.05841500014321
1786705423.9865184,81.61196700007167
1786705424.0924935,105.9310779999123
1786705424.1926966,100.15807199988558
1786705424.279678,86.9343280000976
1786705424.3631434,83.41773500001182
1786705424.4449134,81.71515300000465
1786705424.5273705,82.40872299984403
1786705424.6093895,81.97205900000881
1786705424.690552,81.1136740001075
1786705424.773227,82.31274099989605
1786705424.8547757,81.50222799986295
1786705424.9357123,80.89228600010756
1786705425.0173962,81.63824600001135
1786705425.0997243,82.2830019999401
1786705425.1824937,82.7240180001354
1786705425.2631361,80.59904799983997
1786705425.344934,81.75194899990856
1786705425.4260948,81.12060100006602
1786705425.5067835,80.64327000010962
1786705425.5882473,81.41891299987947
1786705425.6691005,80.80639800004974
1786705425.7505436,81.39846900007797
1786705425.832552,81.40652500014767
1786705425.913149,80.55015900004037
1786705425.994844,81.64511600011792
1786705426.0758626,80.97050900005343
1786705426.1568644,80.95562099993003
1786705426.2565267,99.61572399993202
1786705426.359273,102.67833700004303
1786705426.4529905,93.65306999984568
1786705426.5351422,82.10072599990781
1786705426.6160905,80.90021299994987
1786705426.6968985,80.75793600005454
1786705426.7788823,81.93615200002569
1786705426.85961,80.68186300010893
1786705426.9417434,82.08570700003293
1786705427.0233219,81.53024700004607
1786705427.1054888,82.12531799995304
1786705427.18875,83.21305300000859
1786705427.2700968,81.29900700009784
1786705427.3508694,80.73010300017813
1786705427.4329386,82.02307700003075
1786705427.5140448,81.05863799983126
1786705427.5959706,81.87754200002928
1786705427.677687,81.6677840000466
1786705427.7581465,80.41312399996059
1786705427.8395398,81.34321099987574
1786705427.9205296,80.9400650000498
1786705428.0011804,80.60443699991993
1786705428.082466,81.23730400006934
1786705428.1639082,81.39595200009353
1786705428.2459724,82.0167639999454
1786705428.3271933,81.17304600000352
1786705428.4200795,92.8349089999756
1786705428.5235431,103.3663709999928
1786705428.6199806,96.38283499998579
1786705428.7012608,81.1086940000223
1786705428.7833343,82.02620800011573
1786705428.8642614,80.8137330000136
1786705428.946587,82.28229900009865
1786705429.0268607,80.22912600017662
1786705429.107465,80.55714200008879
1786705429.190251,82.73805699991499
1786705429.270612,80.31212499986395
1786705429.351384,80.72506700000304
1786705429.43328,81.8497650000154
1786705429.5146174,81.29139800007579
1786705429.5962102,81.5478780000376
1786705429.6775143,81.25974900008259
1786705429.7584097,80.85012200012898
1786705429.8405747,82.11804100005793
1786705429.9216578,81.04010300007758
1786705430.0033069,81.60465499986458
1786705430.090744,87.39216100002523
1786705430.1728878,82.09600500003944
1786705430.2554166,82.48311399984232
1786705430.3365726,81.11260199984827
1786705430.4180534,81.43611900004544
1786705430.499542,81.44465600003059
1786705430.5859358,86.31387199989149
1786705430.6858597,99.86250200017821
1786705430.7889767,103.01494899999852
1786705430.8705456,81.52385900007175
1786705430.9529939,82.25463299982039
1786705431.035044,81.9541719999961
1786705431.1182945,83.15161099994839
1786705431.2009792,82.59255799998755
1786705431.2827482,81.72161900006358
1786705431.364625,81.78026599989607
1786705431.446722,82.05361699992864
1786705431.5286965,81.87713600000279
1786705431.612419,83.6323110002013
1786705431.6946282,82.16444899994713
1786705431.7776039,82.88251900012256
1786705431.8598132,82.10746800000379
1786705431.942699,82.84146500000134
1786705432.0264544,83.64036700004363
1786705432.108122,81.57417500001429
1786705432.191825,83.66142299996682
1786705432.2743196,82.39554100009627
1786705432.357162,82.79690900008063
1786705432.4388263,81.61674899997706
1786705432.521144,82.22378300001765
1786705432.6029348,81.74369199991816
1786705432.6847847,81.75795200008906
1786705432.780121,95.29226899985588
1786705432.8878713,107.7082760000394
1786705432.9798727,91.9025639998381
1786705433.0617406,81.77539600001182
1786705433.1442318,82.39383699992686
1786705433.227401,83.12211199995545
1786705433.3091688,81.71426800004156
1786705433.3908994,81.68602700015981
1786705433.4722836,81.2893059999169
1786705433.5555615,83.18238900005781
1786705433.6396892,84.07545799991567
1786705433.7217321,81.88161900011437
1786705433.8039186,82.09050599998591
1786705433.885743,81.72697099985271
1786705433.9693198,83.4833129999879
1786705434.0525246,83.10933400002796
1786705434.134449,81.81034100016404
1786705434.217937,83.39312900011464
1786705434.3000364,82.05626499989194
1786705434.3825636,82.45952299989767
1786705434.4649386,82.28106100000332
1786705434.5470338,82.04924699998628
1786705434.6303432,83.26296299992464
1786705434.7125578,82.08378400013316
1786705434.7951171,82.51055999994605
1786705434.8786867,83.52377599999272
1786705434.9780366,99.2529329998888
1786705435.0872624,109.1350849999344
1786705435.1704094,83.03924299980281
1786705435.2536423,83.14142800008995
1786705435.3354046,81.71482400007335
1786705435.4180822,82.579725999949
1786705435.4992962,81.16917899997134
1786705435.5828533,83.51466599992818
1786705435.664552,81.60523100013961
1786705435.7470002,82.40380200004438
1786705435.8295887,82.50281899995571
1786705435.912438,82.75279899999077
1786705435.9949012,82.38598699995237
1786705436.075956,80.95618000015747
1786705436.1579683,81.92574899999272
1786705436.240629,82.57122699978936
1786705436.322797,82.12354400006916
1786705436.4042807,81.43612100002429
1786705436.4870906,82.76259600006597
1786705436.5693264,82.14984100004585
1786705436.6516602,82.23867300011989
1786705436.7329478,81.19858599980034
1786705436.8149974,81.95226700013336
1786705436.8973897,82.29645100004745
1786705436.9792185,81.7337129999487
1786705437.0613735,82.06550699992476
1786705437.1626904,101.2703500000498
1786705437.2661664,103.43411600001673
1786705437.3479707,81.76063900009467
1786705437.4292815,81.26571599996169
1786705437.511158,81.83213799998157
1786705437.5961368,84.93413999985933
1786705437.6793146,83.12963200000922
1786705437.760591,81.23230800015335
1786705437.84325,82.61444899994785
1786705437.923951,80.6561449999208
1786705438.0054593,81.46364099980019
1786705438.0875506,82.04493400012325
1786705438.1695035,81.91019399987454
1786705438.2514048,81.85547199991561
1786705438.332539,81.08412399997178
1786705438.4144735,81.88938000012058
1786705438.4955783,81.05953199992655
1786705438.5769043,81.2784009999632
1786705438.659116,82.165582000016
1786705438.739975,80.81445999982861
1786705438.8205829,80.56281300014234
1786705438.9015152,80.88649599994824
1786705438.984003,82.44346900005439
1786705439.0660372,81.98965699989458
1786705439.1474214,81.33941999994931
1786705439.2300835,82.61546799985808
1786705439.3338919,103.76398599987624
1786705439.4442122,110.27493299980051
1786705439.5281615,83.9070360000278
1786705439.6093202,81.11358799988011
1786705439.6916113,82.24754399998346
1786705439.7735324,81.87528700000257
1786705439.855454,81.87711999994463
1786705439.9367929,81.29510499998105
1786705440.0184174,81.58119599988822
1786705440.100776,82.31526700001268
1786705440.1839128,83.09313299992027
1786705440.265485,81.52543799997147
1786705440.3477297,82.19773099995109
1786705440.4293778,81.60232599993833
1786705440.5115082,82.08284200009075
1786705440.5927784,81.2227910000729
1786705440.6748552,82.03093500014802
1786705440.7559457,81.04340399995635
1786705440.837736,81.74525200001881
1786705440.9201233,82.34535999986292
1786705441.0013583,81.18592100004207
1786705441.0834153,82.00873200007663
1786705441.1643412,80.87660799992591
1786705441.2469044,82.51897000013741
1786705441.3282053,81.25610599995525
1786705441.4103098,82.05904600004033
1786705441.5043778,94.02301999989504
1786705441.606567,102.14479199999005
1786705441.7074077,100.8009839999886
1786705441.7886617,81.21299599997656
1786705441.8700016,81.29501400003392
1786705441.9524465,82.39947100014433
1786705442.0339084,81.4178279999851
1786705442.1155324,81.57545699987168
1786705442.1979675,82.38887900006375
1786705442.2798135,81.79539999991903
1786705442.3618894,82.027749999952
1786705442.4439979,82.05884300014077
1786705442.5252514,81.20427399990149
1786705442.6070065,81.70373400002973
1786705442.68844,81.37934600017616
1786705442.7697642,81.2797920000321
1786705442.8525777,82.76954300004036
1786705442.9338942,81.2706070000786
1786705443.0156944,81.75567800003591
1786705443.0965579,80.81890499988731
1786705443.1787992,82.19706499994572
1786705443.2607348,81.89041800005725
1786705443.3416502,80.87077599998338
1786705443.4245336,82.83978400004344
1786705443.5053651,80.78590600007374
1786705443.587157,81.747716000109
1786705443.6693566,82.15721399983522
1786705443.7752216,105.82132899980934
1786705443.8807096,105.4416649999439
1786705443.9630382,82.28249100011453
1786705444.0446122,81.52940199988734
1786705444.1253912,80.59338900011426
1786705444.2090425,83.6070400000608
1786705444.2903636,81.27053399994111
1786705444.372629,82.19508399997721
1786705444.4539883,81.31151500015221
1786705444.5367045,82.66759999992246
1786705444.619331,82.57636000007551
1786705444.7003727,80.99362799998744
1786705444.7813683,80.94803500011949
1786705444.8620586,80.6420920000619
1786705444.944262,82.15728799996214
1786705445.0263457,82.03651100006937
1786705445.1084144,82.00316000011298
1786705445.191717,83.25613500005602
1786705445.2729328,81.16958999994495
1786705445.3540533,81.07759100016665
1786705445.4365342,82.4354349999794
1786705445.5176523,81.07194199988044
1786705445.6000721,82.37463900013609
1786705445.6810846,80.96768300015356
1786705445.7654593,84.18123999990712
1786705445.848027,82.5206749998415
1786705445.955315,107.24258200002623
1786705446.0609481,105.59079400013616
1786705446.142313,81.32058899991534
1786705446.2244663,82.10230800000318
1786705446.3055112,80.99605400002474
1786705446.3881023,82.54395399990244
1786705446.4692302,81.07934999998179
1786705446.5510342,81.75680899989857
1786705446.6331005,82.01879000012013
1786705446.7137542,80.60812999997324
1786705446.7963688,82.56980499982092
1786705446.8790448,82.63030500006607
1786705446.9607468,81.65599500011922
1786705447.0426307,81.83949500016752
1786705447.1246722,81.99499300008029
1786705447.2069728,82.25767699991593
1786705447.2886772,81.6589030000614
1786705447.371575,82.85311800000272
1786705447.4529684,81.24222000014925
1786705447.5350606,81.94723499991596
1786705447.6165779,81.42325600010736
1786705447.6982915,81.66951299995162
1786705447.7803054,81.97023499997158
1786705447.8630936,82.74143399989953
1786705447.946055,82.91717399993104
1786705448.0276613,81.56242199993358
1786705448.1317925,104.09222999987833
1786705448.238344,106.50605000000724
1786705448.321187,82.73784199991496
1786705448.4025993,81.32349699985753
1786705448.4844546,81.80782799990993
1786705448.566788,82.18266000017138
1786705448.6484334,81.59795999995367
1786705448.7298925,81.41423799997938
1786705448.8118558,81.9165499999599
1786705448.8928745,80.97199999997429
1786705448.9749207,81.99854899999082
1786705449.0565095,81.54242199998407
1786705449.138615,82.05834599993977
1786705449.2207716,82.112104999851
1786705449.3018913,81.07311000003392
1786705449.3837705,81.834679999929
1786705449.4649231,81.10592499997438
1786705449.546639,81.66444100015724
1786705449.6284728,81.78882900006101
1786705449.7096238,81.10388800014334
1786705449.790829,81.15851699994892
1786705449.8719938,81.1185170000499
1786705449.9534817,81.44086700008302
1786705450.0355554,82.02675300003648
1786705450.1169796,81.37572000009641
1786705450.1998553,82.82567600008406
1786705450.2949088,95.0086119999014
1786705450.3959653,101.01402500004042
1786705450.4968324,100.82541399992806
1786705450.5775738,80.69414999999935
1786705450.6591046,81.47912699996596
1786705450.7407048,81.55136799996399
1786705450.8214962,80.74248299999454
1786705450.9021904,80.64524199994594
1786705450.9843767,82.14178999992328
1786705451.0652528,80.83157600003688
1786705451.1462166,80.91863000004196
1786705451.230193,83.93217000002551
1786705451.3134024,83.1640259998494
1786705451.393986,80.54144699985955
1786705451.4767482,82.71936200003438
1786705451.5590053,82.20843900016916
1786705451.6416118,82.5596030001634
1786705451.7237217,82.06127200014635
1786705451.8055816,81.81181099985224
1786705451.8865504,80.91577800018968
1786705451.967354,80.75470600010703
1786705452.0492604,81.8572180000956
1786705452.1314535,82.14823499997692
1786705452.2140772,82.58001100011825
1786705452.2957695,81.64664600008109
1786705452.3776777,81.86201500006973
1786705452.4667103,88.98877399997218
1786705452.5720599,105.30500300001222
1786705452.668778,96.66945599997234
1786705452.7505665,81.74323800017191
1786705452.8314693,80.85911200009832
1786705452.9135923,82.07895800001097
1786705452.9939654,80.32731900016188
1786705453.0753465,81.33668400000715
1786705453.157516,82.12534799986315
1786705453.2394688,81.90268199996353
1786705453.321568,82.05392199988637
1786705453.4024546,80.8429830001387
1786705453.4845605,82.06079199999294
1786705453.56689,82.28325400000358
1786705453.6483707,81.43770200013023
1786705453.7315643,83.1493790001332
1786705453.8131678,81.55851699984851
1786705453.893912,80.70033599983617
1786705453.9746969,80.74003999990964
1786705454.0564883,81.74714599999788
1786705454.1375844,81.05126099985682
1786705454.2198925,82.26316099990072
1786705454.3019838,82.04619899993304
1786705454.383655,81.6243880001366
1786705454.465113,81.41333300000042
1786705454.5462842,81.12751999988177
1786705454.6276913,81.36101800005235
1786705454.7324772,104.74208100004034
1786705454.8374443,104.92358000010427
1786705454.9184992,81.00837200004207
1786705454.999569,80.88485399980527
1786705455.0810122,81.3991669999723
1786705455.1621983,81.1415200000738
1786705455.245388,83.14599100003761
1786705455.3261807,80.74718800003211
1786705455.407881,81.65631299993947
1786705455.489525,81.59961000001204
1786705455.5712783,81.70949800000926
1786705455.6533208,81.99842200019702
1786705455.7341645,80.7994100000542
1786705455.8161976,81.9939410000643
1786705455.8973525,81.11168599998564
1786705455.9789386,81.54129600006854
1786705456.0602117,81.23068600002625
1786705456.1418512,81.59440600002199
1786705456.2261655,84.26987400002872
1786705456.3068273,80.61789299995326
1786705456.388651,81.77984999997534
1786705456.4699118,81.21562999986054
1786705456.551481,81.52172200016139
1786705456.6338952,82.37182800007758
1786705456.7159138,81.97379400007776
1786705456.7978475,81.88903500013112
1786705456.8946252,96.73071699990032
1786705456.9913452,96.67473500007873
1786705457.0887105,97.32200999997076
1786705457.1709113,82.1535339998718
1786705457.2535124,82.55586500013123
1786705457.33456,81.00316900004145
1786705457.415926,81.3235010000426
1786705457.4975736,81.60420299986981
1786705457.5802104,82.58436500000244
1786705457.6677716,87.51095000002351
1786705457.7494817,81.66259199992965
1786705457.830482,80.9553550000146
1786705457.9119112,81.38633399994433
1786705457.9936619,81.70503600013035
1786705458.076367,82.66042099990045
1786705458.1593795,82.96880800003237
1786705458.2417717,82.34771899992666
1786705458.3232539,81.43692699991334
1786705458.4059231,82.62599399995452
1786705458.4877276,81.75929499998347
1786705458.5697029,81.92614700010381
1786705458.650503,80.75383699997474
1786705458.731391,80.8441890001177
1786705458.8130226,81.58705499999996
1786705458.89425,81.1811129999569
1786705458.9758508,81.55718499983777
1786705459.0674934,91.59744799990222
1786705459.1674964,99.96194099994682
1786705459.2662907,98.75389300009374
1786705459.3491757,82.84214199989037
1786705459.4302938,81.07278099987525
1786705459.5118916,81.55290800004877
1786705459.593198,81.26266899989787
1786705459.6745179,81.27420599998914
1786705459.75621,81.64907500008667
1786705459.8382704,81.97444300003554
1786705459.9193492,81.03341099990757
1786705460.001158,81.76574000003711
1786705460.084747,83.54758399991624
1786705460.1754994,90.7163980000405
1786705460.2567437,81.19685499991647
1786705460.338732,81.94175800008452
1786705460.4207926,82.01520299985532
1786705460.502623,81.78444400004992
1786705460.5834649,80.79641300014373
1786705460.6662292,82.71751400002358
1786705460.7481036,81.82835200000227
1786705460.8307567,82.60619900011079
1786705460.9117644,80.95841099998324
1786705460.992858,81.04635599988796
1786705461.0741954,81.28939100015486
1786705461.1561968,81.95381400014412
1786705461.249982,93.73767800002497
1786705461.3567295,106.7001110000092
1786705461.4546087,97.83245300013732
1786705461.536878,82.22560899980635
1786705461.6181676,81.2445960000332
1786705461.6995902,81.37687299995378
1786705461.7811246,81.49161300002561
1786705461.8626397,81.47168700020302
1786705461.9439137,81.2297260001742
1786705462.024493,80.5350069999804
1786705462.1068063,82.26875800005473
1786705462.1890593,82.20870200011632
1786705462.2707267,81.62237199985611
1786705462.3526046,81.69216700002835
1786705462.4343233,81.67500099989411
1786705462.5156918,81.32063199991535
1786705462.596373,80.63791299991863
1786705462.678368,81.94957299997441
1786705462.7593565,80.91874599995208
1786705462.8406446,81.2430769999537
1786705462.9228315,82.14181300013479
1786705463.0054462,82.56944100003238
1786705463.0867574,81.26367099998788
1786705463.167843,81.04133799997726
1786705463.2504635,82.57573800005957
1786705463.3315365,81.0272270000496
1786705463.420167,88.57952099992872
1786705463.5189512,98.71006100001978
1786705463.6191847,100.19022000005862
1786705463.700474,81.24483700021301
1786705463.7824752,81.95679699997527
1786705463.8639007,81.37855900008617
1786705463.9458852,81.93911099988327
1786705464.0274591,81.52611400009846
1786705464.1085026,80.9996160000992
1786705464.1920538,83.50410299999567
1786705464.2747443,82.64086700000917
1786705464.356559,81.7669460000161
1786705464.4383094,81.70329800009313
1786705464.5195208,81.16405999999188
1786705464.6019726,82.4026650000178
1786705464.6830478,81.02550500007055
1786705464.7646656,81.56789200006642
1786705464.8467822,82.06588799998826
1786705464.9280496,81.22109600003569
1786705465.0107603,82.66205200015975
1786705465.0916426,80.83130199997868
1786705465.1763732,84.68694899988805
1786705465.2584388,82.023018999962
1786705465.340142,81.65902099995037
1786705465.4226174,82.431164999889
1786705465.5035586,80.89511799994398
1786705465.59401,90.40588299990304
1786705465.6934392,99.38550199990459
1786705465.7947156,101.22836400000779
1786705465.875726,80.9661360001428
1786705465.9570644,81.29617099984898
1786705466.0404496,83.34836400013046
1786705466.1210744,80.57941600009144
1786705466.2035959,82.47627599985208
1786705466.2866266,82.98638500014022
1786705466.368776,82.10300000018833
1786705466.4512923,82.47234999998909
1786705466.532173,80.69196999986161
1786705466.61409,81.87126100006026
1786705466.6953976,81.26030100015669
1786705466.777704,82.26035200004844
1786705466.8596098,81.86042700003782
1786705466.9404743,80.82119200003035
1786705467.021326,80.81178499992347
1786705467.103253,81.88183500010382
1786705467.1858923,82.59405300009348
1786705467.2680502,82.11364900012086
1786705467.349934,81.68679899995368
1786705467.431229,81.24991199997567
1786705467.5124478,81.1731910000617
1786705467.5947812,82.289499999888
1786705467.675744,80.92021000015848
1786705467.7564378,80.65082300004178
1786705467.8505433,94.05886499985172
1786705467.9468503,96.26320500001384
1786705468.0437133,96.8196659998739
1786705468.1250114,81.25446799999736
1786705468.2112236,86.167610000075
1786705468.2929285,81.6608370000722
1786705468.37501,82.03568699991592
1786705468.4564915,81.43754100001388
1786705468.5382242,81.68794699986393
1786705468.620042,81.77442900000642
1786705468.7023063,82.22001900003306
1786705468.7854738,83.1171259999337
1786705468.8674088,81.88989099994615
1786705468.9486353,81.18274599996766
1786705469.0298402,81.15935699993315
1786705469.1119583,82.07231699998374
1786705469.1945376,82.53394400003344
1786705469.2756212,81.0386919999928
1786705469.3561723,80.50491700009843
1786705469.4390452,82.8271450000102
1786705469.5213304,82.24085199981346
1786705469.6042764,82.90316400007214
1786705469.685558,81.23559800014846
1786705469.7679296,82.32722299999296
1786705469.8483841,80.40727000002335
1786705469.929657,81.22493200016834
1786705470.0221615,92.4575779999941
1786705470.1197255,97.51295899991419
1786705470.219409,99.63656000013543
1786705470.3002553,80.80036100000143
1786705470.381949,81.64465200002269
1786705470.4637766,81.78131800013944
1786705470.5452926,81.47017099986442
1786705470.6273017,81.96376099999725
1786705470.7083323,80.98160000008647
1786705470.7893324,80.95419300002504
1786705470.871596,82.22176000003856
1786705470.9537332,82.09298299993861
1786705471.0358946,82.11770599996271
1786705471.116604,80.66723199999615
1786705471.1998262,83.04410899995673
1786705471.2812843,81.41328400006387
1786705471.3637521,82.42307399996207
1786705471.4449203,81.11845100006576
1786705471.5258176,80.85241599997062
1786705471.607417,81.55544900000677
1786705471.6897883,82.32466799995564
1786705471.77177,81.93692899999405
1786705471.8530898,81.22850599988851
1786705471.9339254,80.7904350001536
1786705472.0155745,81.60468999994919
1786705472.0978804,82.26146400011203
1786705472.1899915,92.06589499990514
1786705472.2931716,103.13113500001236
1786705472.3928995,99.5807080000759
1786705472.4746346,81.56344900021395
1786705472.555894,81.21508099998209
1786705472.6368659,80.92761900002188
1786705472.7186549,81.74483699986013
1786705472.8006313,81.9328919999407
1786705472.8821025,81.31471000001511
1786705472.9632745,81.00513700014744
1786705473.0442612,80.82089799995629
1786705473.1250038,80.57075099986832
1786705473.208272,83.10110799993708
1786705473.2888834,80.44297399987954
1786705473.3697984,80.73891800017918
1786705473.4509401,80.99893500002509
1786705473.5319862,80.90352699991854
1786705473.6129572,80.82393500012586
1786705473.6930227,79.8883110001043
1786705473.7744584,81.3910429999396
1786705473.855456,80.95250799988207
1786705473.936314,80.81528699995033
1786705474.0172505,80.89273099994898
1786705474.0977411,80.44762199983779
1786705474.1803732,82.58848200011926
1786705474.2607744,80.23799400007192
1786705474.3419824,81.04582299984031
1786705474.4624908,120.34052900003189
1786705474.5587542,96.21667099986553
1786705474.640456,81.65687500013519
1786705474.7233157,82.8144440001779
1786705474.804427,81.06284199993752
1786705474.8854418,80.96852700009549
1786705474.967222,81.73628300005475
1786705475.0483866,81.12073100005546
1786705475.130088,81.65859800010367
1786705475.2127006,82.56918600000063
1786705475.29487,82.1248550000746
1786705475.3762345,81.31804499998907
1786705475.4581037,81.82393100014451
1786705475.5409424,82.79488799985302
1786705475.623339,82.35144699983721
1786705475.7048814,81.4979700001004
1786705475.7900062,85.0797660000353
1786705475.8721662,82.11537299985139
1786705475.9532526,81.04137899999841
1786705476.0354755,82.0283749999362
1786705476.116774,81.25432299993918
1786705476.1989567,82.13902199986478
1786705476.2809417,81.9427269998414
1786705476.3628569,81.8694490001235
1786705476.4444804,81.58037700013665
1786705476.5343535,89.82609400004549
1786705476.6325462,98.11882899998636
1786705476.729793,97.20166700003574
1786705476.81407,84.22580800015567
1786705476.8960173,81.90209700001105
1786705476.9776144,81.55132199999571
1786705477.059329,81.6692470000362
1786705477.1407633,81.39143299990792
1786705477.222352,81.5437659998679
1786705477.3044915,82.07500500020615
1786705477.3864424,81.85839499992653
1786705477.4683797,81.89324599993597
1786705477.549655,81.22943399985161
1786705477.636827,87.12784800013651
1786705477.719181,82.30405899985271
1786705477.8005674,81.33687800000189
1786705477.8817632,81.1517869999534
1786705477.9625483,80.73956699990958
1786705478.0447068,82.1139489999041
1786705478.125744,80.99232499989739
1786705478.2087035,82.9148149998673
1786705478.2907813,82.03357899992625
1786705478.3727427,81.91672800012384
1786705478.453775,80.9839909998118
1786705478.5358272,82.01076499994997
1786705478.617151,81.27900899989982
1786705478.711755,94.55792200014912
1786705478.8060293,94.22884899981909
1786705478.908438,102.36314100006894
1786705478.9893548,80.87377000015294
1786705479.0711117,81.71259899995675
1786705479.1525466,81.38419300007627
1786705479.2344248,81.83845099983955
1786705479.3172934,82.8206119999777
1786705479.3980656,80.72686400009843
1786705479.4803033,82.19254100004036
1786705479.5613735,81.02523200000178
1786705479.642282,80.86288200001945
1786705479.7239707,81.64273000011235
1786705479.805004,80.98958400000811
1786705479.8873873,82.3391700000684
1786705479.9688315,81.40191600000435
1786705480.0501018,81.17762099982428
1786705480.131735,81.59030399997391
1786705480.214822,83.04192600007809
1786705480.2966897,81.82282100005978
1786705480.3776302,80.89410399998087
1786705480.459,81.32256499993673
1786705480.5407317,81.68437800009087
1786705480.6216173,80.69673399995736
1786705480.7039783,82.31183700013389
1786705480.7853723,81.34510200011391
1786705480.8667538,81.33386100007556
1786705480.9669666,100.16867200010893
1786705481.0741234,107.1090620000632
1786705481.1571229,82.95026099995084
1786705481.2388628,81.69452600009208
1786705481.3207157,81.80895100008456
1786705481.40229,81.52863800000887
1786705481.4847147,82.38124400008928
1786705481.5656843,80.92247500007943
1786705481.6468818,81.15038100004313
1786705481.7287195,81.79261899999801
1786705481.8097124,80.94632600000295
1786705481.8915772,81.81806300012795
1786705481.9739957,82.37239299978683
1786705482.0551786,81.13464000007298
1786705482.1370642,81.8403959999614
1786705482.2208397,83.72833099997479
1786705482.3022256,81.34104700002354
1786705482.3850636,82.78957700008505
1786705482.4657648,80.65616199996839
1786705482.5475144,81.70254500009833
1786705482.6290789,81.51669400012906
1786705482.7116535,82.52280000010614
1786705482.7933269,81.62428599985105
1786705482.8743644,80.98728899994967
1786705482.9553597,80.9298829999534
1786705483.0369494,81.54017600008956
1786705483.138481,101.48155499996392
1786705483.2516623,112.93590400009634
1786705483.3335958,81.81893400001172
1786705483.4153972,81.55926900008126
1786705483.4987214,83.27937099988958
1786705483.580289,81.48052799992911
1786705483.6627645,82.21639500015954
1786705483.744748,81.93539600006261
1786705483.8257296,80.91079099995113
1786705483.9082592,82.39383800014366
1786705483.9895618,81.23512099996333
1786705484.0728536,83.19457500010685
1786705484.1542022,81.30317699988154
1786705484.23707,82.74600300001111
1786705484.3193324,82.21615399997972
1786705484.401337,81.93680399995174
1786705484.4830072,81.60280499987493
1786705484.564515,81.43839900003513
1786705484.6461623,81.5500470000643
1786705484.7283046,82.0035630001712
1786705484.810043,81.643750000012
1786705484.8905215,80.40979299994433
1786705484.972111,81.48013999993964
1786705485.053184,80.9646600000633
1786705485.1345594,81.28478900016489
1786705485.2177906,83.13433500006795
1786705485.3218403,103.93447000001288
1786705485.4152749,93.34037500002523
1786705485.5077915,92.37941699984731
1786705485.5896506,81.75237900013599
1786705485.671167,81.42667700008133
1786705485.7531748,81.87421200000244
1786705485.8343287,81.08849399991414
1786705485.916871,82.40306099992267
1786705485.9994547,82.53644899991741
1786705486.0809076,81.3828260002083
1786705486.1629128,81.739639000034
1786705486.2455623,82.3942839999745
1786705486.3282506,82.64194899993527
1786705486.4095478,81.25141900018207
1786705486.4924562,82.86292899992986
1786705486.5737178,81.21497499996622
1786705486.6547284,80.95990200013148
1786705486.73761,82.83622599992668
1786705486.8201687,82.512448999978
1786705486.9011726,80.95969800001512
1786705486.9821877,80.96890199999507
1786705487.0640132,81.77495300014925
1786705487.145209,80.86627300008331
1786705487.2280738,82.81994799995118
1786705487.3100007,81.88295300010395
1786705487.390721,80.67492300006052
1786705487.4836361,92.8703779998159
1786705487.5820184,98.28405499979453
1786705487.6825054,100.39119200018831
1786705487.763816,81.26652999999351
1786705487.8458395,81.97761900009937
1786705487.9280932,82.21000699995784
1786705488.0110576,82.9228919999423
1786705488.0930552,81.95028599993748
1786705488.1756616,82.56002400003126
1786705488.2577903,82.08287800016478
1786705488.3400078,82.17693300002793
1786705488.421692,81.64167699987956
1786705488.5030806,81.3430860000608
1786705488.5846615,81.53645599986703
1786705488.6665647,81.85499100000015
1786705488.7480717,81.46047400009593
1786705488.8299408,81.82284300005449
1786705488.9108615,80.87355199995727
1786705488.9941325,83.0149099999744
1786705489.077086,82.9075599999669
1786705489.1599402,82.80891200001861
1786705489.2434778,83.49139000006289
1786705489.3242617,80.736608000052
1786705489.406196,81.89078700002028
1786705489.487298,81.05538399991019
1786705489.5704067,82.97548599989568
1786705489.660535,90.08428199990703
1786705489.765673,105.01878000013676
1786705489.861611,95.63208700001269
1786705489.9427593,81.10964299999068
1786705490.0236616,80.83697699998993
1786705490.1059296,82.13552699999127
1786705490.1956987,89.63871100013421
1786705490.2777085,81.89821299993127
1786705490.3588548,81.04577299991433
1786705490.4397135,80.8116069999869
1786705490.5208573,81.02053299990075
1786705490.6028836,81.946065000011
1786705490.686449,83.45798300001661
1786705490.7680995,81.60760400005529
1786705490.8496573,81.43964200007758
1786705490.9318438,82.11956400009512
1786705491.0138652,81.88749099986126
1786705491.0958452,81.91241700001228
1786705491.179025,83.11246700009178
1786705491.2603083,81.2173840001833
1786705491.3419242,81.53691899997284
1786705491.4236374,81.66534500014677
1786705491.5049102,81.22919899983572
1786705491.5869539,81.64004800005387
1786705491.66787,80.8717009999782
1786705491.750026,81.9327130000147
1786705491.8421123,92.04129199997624
1786705491.9433181,101.06772699987232
1786705492.046591,102.95053200002258
1786705492.128243,81.61028899985467
1786705492.211037,82.75222800011761
1786705492.293686,82.59989499993026
1786705492.3747828,81.0551070001111
1786705492.45523,80.4020739999487
1786705492.5368261,81.55164200002218
1786705492.6184409,81.50999300005424
1786705492.7001858,81.6989370000556
1786705492.7809572,80.72503399989728
1786705492.8624423,81.43662299994503
1786705492.9436104,81.12392200018803
1786705493.025366,81.70991900010449
1786705493.1075945,82.17993499988552
1786705493.1892815,81.64088200010156
1786705493.2699115,80.58540700017147
1786705493.3509388,80.98329299991747
1786705493.4324806,81.49801299987303
1786705493.5128393,80.31477700001233
1786705493.5945284,81.64440099994863
1786705493.6752868,80.7153499999913
1786705493.756146,80.81473800007188
1786705493.8368773,80.6889240000146
1786705493.917894,80.97353400012253
1786705493.9994326,81.49317899983544
1786705494.1039217,104.44506299995737
1786705494.1975656,93.5986370000137
1786705494.2871213,89.51286199999231
1786705494.3685842,81.41893900005925
1786705494.4492712,80.64103599986083
1786705494.5299897,80.67399900005512
1786705494.6109142,80.88016500005324
1786705494.691683,80.7255360000454
1786705494.7722425,80.51542600014727
1786705494.85454,82.25332400002117
1786705494.9351087,80.52442500002144
1786705495.015862,80.7097199999589
1786705495.0962667,80.35631500001728
1786705495.1786988,82.39345300012246
1786705495.2603264,81.58288300001004
1786705495.3410382,80.667055000049
1786705495.4221938,81.11144099984813
1786705495.5030766,80.83709100014858
1786705495.5839424,80.82175799995639
1786705495.6645868,80.59781399992971
1786705495.7452054,80.57359199983694
1786705495.8262203,80.96999700001106
1786705495.907399,81.13494100007301
1786705495.988783,81.33781100013948
1786705496.0709314,82.10567699984495
1786705496.151579,80.60135100004118
1786705496.2458045,94.13063500005592
1786705496.3683114,122.46130600010474
1786705496.456331,87.97483200009992
1786705496.5383542,81.97980800014193
1786705496.620687,82.27458399983334
1786705496.702304,81.57042099992395
1786705496.7833683,80.90905300014128
1786705496.864515,81.10227500014844
1786705496.9461255,81.56662499982303
1786705497.0278032,81.63119800019558
1786705497.109881,82.03408500003206
1786705497.1923594,82.43323100009547
1786705497.2739613,81.5580510000018
1786705497.355107,81.10042299995257
1786705497.4366794,81.48992199994609
1786705497.5178459,81.11586700010776
1786705497.6086702,90.66302299993367
1786705497.689727,80.88709100002234
1786705497.7709217,81.0261450001235
1786705497.8518806,80.87438799998381
1786705497.9332535,81.32964400010678
1786705498.0159,82.56136099998912
1786705498.097075,81.12679400005618
1786705498.1796162,82.49208300003374
1786705498.2612906,81.57192099997701
1786705498.3431468,81.76975400010633
1786705498.4528666,109.56766800018158
1786705498.5525265,99.59564499990847
1786705498.6399739,87.15333800000735
1786705498.7211418,81.0809980000613
1786705498.803211,82.02127099980316
1786705498.8843904,80.98307200020827
1786705498.9662468,81.81288300011147
1786705499.0479348,81.6395320000538
1786705499.128837,80.85638800002926
1786705499.2119167,83.03328499982854
1786705499.292904,80.93755499999133
1786705499.3750107,82.05728899997666
1786705499.4560955,81.03568300020925
1786705499.5369549,80.81098100001327
1786705499.6187239,81.71595799990428
1786705499.700145,81.3700159999371
1786705499.7822223,81.9637160000184
1786705499.8649979,82.39939899999627
1786705499.9470923,81.77884599990648
1786705500.029402,81.98551200007387
1786705500.1119406,82.25465900000017
1786705500.1952791,83.09285900008945
1786705500.2777174,82.17599299996436
1786705500.3594255,81.5723660000458
1786705500.4413412,81.8686790000811
1786705500.522462,81.07324000002336
1786705500.6318915,109.38330099997984
1786705500.743169,111.23080900006244
1786705500.8254633,82.2467149998829
1786705500.9070868,81.57738499994593
1786705500.9886057,81.46908899993832
1786705501.0696027,80.95392599989282
1786705501.1511438,81.49294100007864
1786705501.234806,83.61600399985036
1786705501.3156695,80.81657499997164
1786705501.3979235,82.2050679998938
1786705501.479361,81.39236800002436
1786705501.5605786,81.17305399991892
1786705501.6425776,81.95105000004332
1786705501.7237,81.0778500001561
1786705501.8065975,82.85310099995513
1786705501.8880432,81.4005710001311
1786705501.9691494,81.0595729999477
1786705502.0516045,82.41082500012453
1786705502.132363,80.71405600003345
1786705502.2159863,83.57918999990943
1786705502.2973456,81.31262799997785
1786705502.3792107,81.8211060000067
1786705502.4608808,81.6249039999093
1786705502.543009,82.0848460000434
1786705502.625262,82.20838299985189
1786705502.7067814,81.4756639999814
1786705502.810746,103.92018000015923
1786705502.9253166,114.52759000007973
1786705503.007416,82.05580900016685
1786705503.0894322,81.97092099999281
1786705503.1710026,81.526255999961
1786705503.252997,81.94964299991625
1786705503.3349795,81.93625500007329
1786705503.4156616,80.63870599994516
1786705503.4962068,80.50063199993929
1786705503.5780683,81.8168659998264
1786705503.6602678,82.15964200007875
1786705503.742102,81.78918099997645
1786705503.8237772,81.62988499998391
1786705503.905894,82.06982800015794
1786705503.988184,82.2463819999939
1786705504.0690496,80.82138999998278
1786705504.150055,80.96079699998882
1786705504.23205,81.94982899999559
1786705504.314227,82.12599500006945
1786705504.3959677,81.69573800000762
1786705504.476581,80.57018700014851
1786705504.5584714,81.84529200002544
1786705504.6396968,81.18046200002027
1786705504.721541,81.79801400001452
1786705504.803738,82.15243900008318
1786705504.884474,80.69290899993575
1786705504.989011,104.48962199984635
1786705505.0957253,106.46455799997057
1786705505.1792693,83.49939499998982
1786705505.2606573,81.3412770000923
1786705505.3416283,80.91801899990969
1786705505.4232056,81.53068299998267
1786705505.5053267,82.07455000001573
1786705505.588443,83.06791599989083
1786705505.6693575,80.86761200002002
1786705505.7547657,85.35994099997879
1786705505.836466,81.65544100006628
1786705505.9180064,81.49096099987219
1786705505.9998944,81.84281100011503
1786705506.0810966,81.15472199983742
1786705506.1621768,81.03220400016653
1786705506.2451382,82.91464000012638
1786705506.3264456,81.26051799990819
1786705506.409227,82.73441799997272
1786705506.4914122,82.00207000004411
1786705506.572532,81.07174099995973
1786705506.6539779,81.39344300002449
1786705506.7355943,81.56707200009805
1786705506.8205035,84.86031500001445
1786705506.9020472,81.49281300006805
1786705506.9839709,81.87931099996604
1786705507.0655031,81.48672099991927
1786705507.169535,103.9864970000508
1786705507.2785704,108.99141599998075
1786705507.3604712,81.85731099979421
1786705507.4425168,81.99932999991688
1786705507.5246174,82.0553660000769
1786705507.6055803,80.91748299989376
1786705507.6885161,82.89282500004447
1786705507.7720575,83.3972850000464
1786705507.8551788,83.05425000003197
1786705507.9380586,82.74719599990021
1786705508.0211527,82.98591699985991
1786705508.10424,83.04078700007267
1786705508.1872442,82.8808989999743
1786705508.2700603,82.68297499989785
1786705508.352522,82.39760599985857
1786705508.433494,80.75103999999556
1786705508.5147882,81.24775999999656
1786705508.5963824,81.54877599986321
1786705508.6777267,81.30038900003456
1786705508.7585523,80.76277999998638
1786705508.8404334,81.8375900000774
1786705508.921077,80.5971889999455
1786705509.0032277,82.10832899999332
1786705509.0848866,81.61896100000376
1786705509.16575,80.81835400003001
1786705509.2497196,83.9268390000143
1786705509.3609288,111.16644300000189
1786705509.466294,105.32197300017287
1786705509.5481029,81.62853500016354
1786705509.6289434,80.79463300009593
1786705509.7094493,80.35830099993291
1786705509.7928176,83.28269399999044
1786705509.8736773,80.81048400003965
1786705509.9545166,80.79187299995283
1786705510.035048,80.48474499992153
1786705510.115963,80.86617000003571
1786705510.1977725,81.76170199999433
1786705510.2828298,85.0059639999472
1786705510.3655066,82.63145699993402
1786705510.4464662,80.81646599998749
1786705510.528212,81.6246100000626
1786705510.6095314,81.27287100001013
1786705510.6915064,81.92945999985568
1786705510.773922,82.36799500014058
1786705510.8544433,80.47187500005748
1786705510.9355187,81.02555699997538
1786705511.0171463,81.58107300005213
1786705511.097985,80.75566999991679
1786705511.1801796,82.14568199991845
1786705511.261026,80.77385499996126
1786705511.3423355,81.23924200003785
1786705511.424809,82.40593899995474
1786705511.5240903,99.23494800000299
1786705511.64205,117.9114290000598
1786705511.7232404,81.14766799985773
1786705511.8048384,81.55201800013856
1786705511.8861604,81.27609400003166
1786705511.9671943,80.98976199994468
1786705512.0487316,81.4920179998353
1786705512.1293888,80.61017099998935
1786705512.2117493,82.31594099993345
1786705512.2931104,81.11431699990135
1786705512.3754733,82.31740399992304
1786705512.4576495,82.1303860000171
1786705512.5386882,80.81228200012447
1786705512.6195195,80.74526299992613
1786705512.7002885,80.71350399995936
1786705512.7921245,91.79355999981453
1786705512.87356,81.39103799999248
1786705512.9541664,80.28926599990882
1786705513.0354075,81.19726099994296
1786705513.1164563,80.99198399986562
1786705513.2001147,83.61167500015654
1786705513.281417,81.25470599998152
1786705513.3633106,81.630462000021
1786705513.4448955,81.52833400004056
1786705513.525776,80.83654100005333
1786705513.6068397,81.02083599987964
1786705513.714548,107.4438339999233
1786705513.8202026,105.51814000018567
1786705513.9034061,82.76249400000779
1786705513.9853568,81.83690600003501
1786705514.0672681,81.6687040000943
1786705514.1488576,81.42413099994883
1786705514.2307575,81.65114799999174
1786705514.3132713,82.44727300007071
1786705514.395085,81.56911099990793
1786705514.4768913,81.68985199995404
1786705514.5581152,80.93589300005988
1786705514.639872,81.61568500008798
1786705514.7216475,81.54050000007373
1786705514.8035173,81.72060999982023
1786705514.8851783,81.51405600006001
1786705514.9666479,81.37213100008012
1786705515.0478263,80.89305899989085
1786705515.1299477,81.82242499992753
1786705515.2118497,81.54831499996362
1786705515.2935061,81.52053799994974
1786705515.3744507,80.7892450000054
1786705515.4551466,80.6205429998954
1786705515.5378125,82.52860699985831
1786705515.619623,81.66837099997792
1786705515.7015,81.8287770000552
1786705515.7828627,81.29676099997596
1786705515.8891912,106.28532200007612
1786705515.9954658,106.23289599993768
1786705516.0766542,81.14178099981473
1786705516.157506,80.80509699993854
1786705516.2397661,81.94757299997946
1786705516.3209896,81.17913299997781
1786705516.4021523,81.1186880000605
1786705516.4827175,80.52022900005795
1786705516.5635397,80.779671000073
1786705516.645716,82.12966499991126
1786705516.7265608,80.7998380000754
1786705516.81005,83.44093599998814
1786705516.890243,80.14741499982847
1786705516.971234,80.94430099981764
1786705517.053243,81.72868599990579
1786705517.1338992,80.33111899999312
1786705517.217208,82.86793900015255
1786705517.2974193,80.09287900017625
1786705517.3784513,80.9879120001824
1786705517.4600785,81.32657600003768
1786705517.5418458,81.43833500002984
1786705517.6283553,86.40319999994972
1786705517.709185,80.7152469999437
1786705517.7918413,82.59212600000865
1786705517.8738844,81.72961200011741
1786705517.9568107,82.61797699992712
1786705518.0684965,111.4955559999089
1786705518.1744466,105.86308500000996
1786705518.2584326,83.90906399995401
1786705518.3403535,81.75953800014213
1786705518.4211748,80.64243199987686
1786705518.5030298,81.68100100010633
1786705518.584596,81.43990999997186
1786705518.6664708,81.80581600004189
1786705518.748561,82.0462949998273
1786705518.8296444,81.03733799998736
1786705518.9116771,81.98627699994177
1786705518.9931512,81.40772399997331
1786705519.0747128,81.51766799983307
1786705519.156249,81.49133599999914
1786705519.2382424,81.94801800004825
1786705519.3186078,80.31630400000722
1786705519.4011536,82.49981199992362
1786705519.4822419,80.93778199986446
1786705519.564375,82.08338800000092
1786705519.6455011,80.96504200011623
1786705519.726036,80.36280399983298
1786705519.8086848,82.47990400013805
1786705519.8901963,81.46683599989046
1786705519.9721189,81.87462999990203
1786705520.05372,81.55727999996998
1786705520.134262,80.50039599993397
1786705520.2425137,108.09599999993225
1786705520.3438497,101.21499700017011
1786705520.4314852,87.5868419998369
1786705520.5140624,82.5284229999852
1786705520.5953686,81.25831799998195
1786705520.6770525,81.63665000006404
1786705520.7586975,81.46437300001708
1786705520.840224,81.41131799993673
1786705520.9224207,82.15207299986105
1786705521.0038984,81.42970599988075
1786705521.0858264,81.88272300003518
1786705521.166969,81.09650500000498
1786705521.2500494,83.03186500006632
1786705521.331199,81.1008570001377
1786705521.4147239,83.29899399996066
1786705521.4961176,81.34457799997108
1786705521.5791037,82.8435509999963
1786705521.6600676,80.91591299989886
1786705521.7421467,82.04100099987954
1786705521.8239186,81.723742000122
1786705521.9059088,81.93853800003126
1786705521.9875836,81.62609500004692
1786705522.0684872,80.85452399996029
1786705522.1501503,81.61640999992414
1786705522.2323937,82.19518500004597
1786705522.314183,81.74203899989152
1786705522.4101176,95.88983900016501
1786705522.5061276,95.87113599991426
1786705522.600222,94.04612599996653
1786705522.6821582,81.88635300007263
1786705522.763889,81.68487200009622
1786705522.84699,83.05562500004271
1786705522.9276297,80.59413799992399
1786705523.0094473,81.77005700008522
1786705523.0910707,81.57622499993522
1786705523.1731687,82.0470569999543
1786705523.2548876,81.67109500004699
1786705523.3363662,81.42957800009754
1786705523.418205,81.79185299991332
1786705523.4997041,81.4509110000472
1786705523.5822308,82.47736899988922
1786705523.6633296,81.04965300003641
1786705523.7454085,82.03396399994745
1786705523.8270502,81.59620700007508
1786705523.9085858,81.48863299993536
1786705523.991068,82.4347029999899
1786705524.0724316,81.31915299986758
1786705524.1542785,81.80155799982458
1786705524.2361455,81.82091000003311
1786705524.3180194,81.82918700003938
1786705524.3999877,81.92279800005053
1786705524.4827735,82.7404789999946
1786705524.5732932,90.47581100003299
1786705524.6764457,103.10941500006265
1786705524.775142,98.65525200007141
1786705524.8564112,81.22411599993029
1786705524.9391205,82.66620100016553
1786705525.0205371,81.36613400006354
1786705525.1024427,81.86227999999574
1786705525.1848423,82.35314800003835
1786705525.2668235,81.93739100011044
1786705525.3497767,82.90829299994584
1786705525.431175,81.35448600000927
1786705525.5128071,81.58789200001593
1786705525.5944188,81.56446699990738
1786705525.6757317,81.2674309997874
1786705525.759019,83.24416200002815
1786705525.8405674,81.50474400008534
1786705525.9219878,81.37498599990067
1786705526.0031183,81.08469099988724
1786705526.0844078,81.24533800014433
1786705526.1670947,82.64198000006218
1786705526.2507,83.56053100010286
1786705526.3320577,81.3070610001887
1786705526.4138827,81.78613300015058
1786705526.495143,81.21463499992387
1786705526.5783083,83.11727399996016
1786705526.6596887,81.32883899997978
1786705526.7474809,87.74613999980829
1786705526.8500528,102.52241900002446
1786705526.956472,106.37525199990705
1786705527.038763,82.24659300003623
1786705527.1198454,81.03665400017235
1786705527.2020319,82.13909400001285
1786705527.283228,81.15119100011725
1786705527.3651397,81.86853999995947
1786705527.4482875,83.10338599994793
1786705527.5293164,80.98465500006569
1786705527.610962,81.60191100000702
1786705527.6919248,80.91843300007895
1786705527.7731838,81.21435800012478
1786705527.856312,83.08553400001983
1786705527.9377398,81.38924600007158
1786705528.019114,81.32637600010639
1786705528.1009216,81.76322500003153
1786705528.1844049,83.43936599999324
1786705528.266038,81.58957799992095
1786705528.347229,81.14559899991036
1786705528.427893,80.61980599995877
1786705528.50964,81.70196699984444
1786705528.5912628,81.57831900007295
1786705528.6736152,82.30813099999068
1786705528.7553163,81.65628100005051
1786705528.8359647,80.60491700007333
1786705528.9181151,82.10574199983967
1786705529.0239396,105.77982899985727
1786705529.1269574,102.97301000014158
1786705529.210322,83.31934800003182
1786705529.293072,82.7057030001015
1786705529.375219,82.10353899994516
1786705529.4565492,81.2843950000115
1786705529.538874,82.28103800001918
1786705529.621055,82.13644700003897
1786705529.70306,81.95318799994311
1786705529.7841468,81.0415630000989
1786705529.8652759,81.08471100013048
1786705529.9470952,81.77263300012783
1786705530.0286398,81.49905999994189
1786705530.1116557,82.9715910001596
1786705530.1936262,81.9259099998817
1786705530.275619,81.9467619999159
1786705530.3574977,81.83487399992373
1786705530.4399815,82.43850100006966
1786705530.521269,81.23974799991629
1786705530.6032379,81.92472599989742
1786705530.6841118,80.83161900003688
1786705530.7654915,81.34391300018251
1786705530.8476398,82.10228000007191
1786705530.9300494,82.36596400001872
1786705531.0128763,82.78185099993607
1786705531.093802,80.88093399987883
1786705531.1922457,98.39836600008312
1786705531.3014884,109.20083199994224
1786705531.384351,82.81794399999853
1786705531.4671457,82.64877700003126
1786705531.5478466,80.65500999987307
1786705531.628542,80.65062100013165
1786705531.7090824,80.48738100001174
1786705531.7904427,81.3154879999729
1786705531.8723392,81.8504110000049
1786705531.9533222,80.93541599987475
1786705532.0348542,81.48569100012537
1786705532.116066,81.1658410000291
1786705532.19823,82.11822499993104
1786705532.2799864,81.7114120000042
1786705532.3611917,81.16035899979579
1786705532.4430978,81.8625780000275
1786705532.5241747,81.03132300016114
1786705532.6047754,80.55641800001467
1786705532.6870942,82.27446499995494
1786705532.7677195,80.5790839999645
1786705532.8483956,80.63038000000233
1786705532.9288266,80.34849299997404
1786705533.0088418,79.96554999999717
1786705533.0897217,80.82834200013167
1786705533.1712651,81.49750600000516
1786705533.2526515,81.34202600012941
1786705533.3597481,107.05437999990863
1786705533.4574163,97.62246399986907
1786705533.5530157,95.54686299998139
1786705533.6339352,80.87628700013738
1786705533.7161915,82.21079899999495
1786705533.7977853,81.55020999993212
1786705533.8799992,82.16941000000588
1786705533.9610214,80.97786000007545
1786705534.0427375,81.66646899985608
1786705534.1238074,81.02845300004446
1786705534.2071445,83.29425700003412
1786705534.289423,82.15296599996691
1786705534.3718321,82.36342800000784
1786705534.454374,82.49489000013455
1786705534.5363808,81.94430100002137
1786705534.6194263,82.91681399987283
1786705534.7024364,82.94707299978654
1786705534.785005,82.52268699993692
1786705534.8674116,82.25637300006383
1786705534.9499547,82.49714899989158
1786705535.0330238,83.0240729999332
1786705535.1159513,82.8797780000059
1786705535.1984468,82.41363199999796
1786705535.2802653,81.72180199994727
1786705535.3627388,82.37679900003059
1786705535.445206,82.27165099992817
1786705535.5462053,100.94561500000054
1786705535.668311,122.03378899994277
1786705535.7535043,85.14984099997491
1786705535.8363523,82.69463000010546
1786705535.917952,81.496283999968
1786705535.999033,81.03786100014077
1786705536.0812633,82.18428200007111
1786705536.1633596,81.97270799996659
1786705536.2471795,83.55564499993307
1786705536.3294368,82.193929000141
1786705536.4119837,82.48294600002737
1786705536.4935944,81.56978500005607
1786705536.575278,81.64121000004343
1786705536.6568341,81.42954499999178
1786705536.7386887,81.79163499994502
1786705536.8225217,83.73386600010235
1786705536.9042451,81.62346900007833
1786705536.9857666,81.3282110000273
1786705537.0678623,81.99641300006988
1786705537.1508298,82.8206119999777
1786705537.2339256,83.00027800009957
1786705537.315965,81.91544999999678
1786705537.3974073,81.34630500012463
1786705537.480354,82.86594499986677
1786705537.5633037,82.82842700009496
1786705537.652337,88.96761899995909
1786705537.7530456,100.61630199993488
1786705537.8602808,106.91986400001952
1786705537.9412136,80.79662099999041
1786705538.023967,82.68520499996157
1786705538.1051273,81.06499099994835
1786705538.188724,83.4993679998206
1786705538.270572,81.75380200009386
1786705538.3520396,81.32587900013277
1786705538.4340906,81.91478300000199
1786705538.5153081,81.15213900009621
1786705538.597181,81.82561700004953
1786705538.6794674,82.17539300017052
1786705538.7604225,80.88649199999054
1786705538.8417978,81.2288049999097
1786705538.9225671,80.67119699990144
1786705539.0042772,81.59367300004305
1786705539.0853806,81.00739899987275
1786705539.1658502,80.39643899996918
1786705539.2492616,83.27646200018535
1786705539.3311753,81.86980200002836
1786705539.4132552,81.96789399994486
1786705539.495597,82.20918900019569
1786705539.5768933,81.16587899985461
1786705539.6587722,81.8135249999159
1786705539.7402089,81.35334200005673
1786705539.8212786,80.95771400007834
1786705539.9194276,98.0840749998606
1786705540.0366983,117.23031399992578
1786705540.1204264,83.60925700003463
1786705540.2027998,82.33011600009377
1786705540.2851338,82.29000400001496
1786705540.367208,82.02891299993098
1786705540.44953,82.28059699990808
1786705540.532159,82.58698400004505
1786705540.6145065,82.30059699985759
1786705540.6958594,81.3077489999614
1786705540.7767115,80.80493699981162
1786705540.8574898,80.73195599990868
1786705540.9393044,81.76300700006323
1786705541.021797,82.44250400002784
1786705541.1028924,80.9015110000928
1786705541.1857903,82.84707600000729
1786705541.267694,81.59810100005416
1786705541.3498929,82.1503390000089
1786705541.4305365,80.59612300007757
1786705541.512329,81.69734099988091
1786705541.5933049,80.92749200000071
1786705541.6746674,81.31274999982452
1786705541.7567382,82.02817200003665
1786705541.8387206,81.93583899992518
1786705541.9194689,80.70019799993133
1786705542.0003183,80.80145600001742
1786705542.1066263,106.2621279997984
1786705542.2170296,110.35801599996375
1786705542.29909,82.01193200011403
1786705542.4010155,101.88048300005903
1786705542.4834569,82.13015299998006
1786705542.5650532,81.55226799999582
1786705542.645723,80.62501299991709
1786705542.728752,82.98651900008736
1786705542.8105578,81.76276599988341
1786705542.8926177,81.97065500007739
1786705542.9755142,82.77113199983432
1786705543.0586631,83.10222299996894
1786705543.1398954,81.18977000003724
1786705543.2212431,81.30354700006137
1786705543.3031888,81.8619710000803
1786705543.3857694,82.5371340001766
1786705543.4674459,81.59289699983674
1786705543.548359,80.86884499994085
1786705543.6290426,80.63962400001401
1786705543.7107124,81.62674900017919
1786705543.7935998,82.84315100013373
1786705543.8755445,81.89898799992079
1786705543.9568598,81.27128799992533
1786705544.0386422,81.73585999998068
1786705544.1215794,82.89216899993335
1786705544.2038178,82.19346900000346
1786705544.3104703,106.60775700011982
1786705544.4133604,102.84270100009962
1786705544.4998515,86.44398499995987
1786705544.5812838,81.2853070001438
1786705544.6626618,81.2221399999089
1786705544.7453532,82.60181900004682
1786705544.8274827,82.08461699996406
1786705544.9094586,81.93148800000927
1786705544.99004,80.53730999995423
1786705545.071316,81.23028899990459
1786705545.153174,81.80982299995776
1786705545.2354724,82.25128300000506
1786705545.3174167,81.8984149998414
1786705545.3986008,81.13791799996761
1786705545.4805524,81.90998899999613
1786705545.5626488,82.04702600005476
1786705545.6460052,83.30757499993524
1786705545.7276247,81.5700640000614
1786705545.8098702,82.19985699997778
1786705545.8907683,80.853475999902
1786705545.9730723,82.25481999988915
1786705546.0546792,81.56326899984379
1786705546.1385167,83.79440599992449
1786705546.2222564,83.69220300005509
1786705546.3031456,80.8360129999528
1786705546.3840263,80.83423499988385
1786705546.4923077,108.23295299996971
1786705546.5883064,95.95164300003489
1786705546.6764696,88.11708800021734
1786705546.7581413,81.62330599998313
1786705546.8405256,82.33602400014206
1786705546.921775,81.20315899986963
1786705547.0026894,80.86829000012585
1786705547.0843258,81.59067600013259
1786705547.1656249,81.25184400000762
1786705547.2485569,82.88631799996438
1786705547.3301086,81.5033809999477
1786705547.4109983,80.84205000000111
1786705547.4930663,82.02082200000405
1786705547.5743575,81.24378899992735
1786705547.6556838,81.25514000016665
1786705547.737434,81.70339799994508
1786705547.8184738,80.9924760001195
1786705547.899772,81.25149200009218
1786705547.9822853,82.4585800000932
1786705548.064674,82.34022800002094
1786705548.1459143,81.19471500003783
1786705548.228719,82.75744899992787
1786705548.30996,81.19125200005328
1786705548.3915653,81.55673200008096
1786705548.473434,81.82258199985881
1786705548.5546873,81.20615999996517
1786705548.6482425,93.50859999995009
1786705548.7471416,98.84675900002549
1786705548.8435335,96.34204899998622
1786705548.9247022,81.11934500016105
1786705549.0069716,82.21798800013858
1786705549.0888004,81.78334299987
1786705549.1701348,81.28395599987925
1786705549.2535686,83.38544599996567
1786705549.3347185,81.10203100000035
1786705549.4160707,81.30402999995567
1786705549.4978302,81.7115280001417
1786705549.579133,81.25501099993926
1786705549.6620119,82.83146700000543
1786705549.7428503,80.78871699990486
1786705549.823746,80.8477909999965
1786705549.9067652,82.97439200009649
1786705549.9875002,80.6839399999717
1786705550.06956,82.01424899993981
1786705550.152027,82.41887700000916
1786705550.2449586,92.88584499995522
1786705550.3294377,84.4366070000433
1786705550.4108703,81.38601099994958
1786705550.4918473,80.92869899996913
1786705550.574219,82.32395100003487
1786705550.6553044,81.03953199997704
1786705550.7366104,81.25843800007715
1786705550.8292553,92.59560400005284
1786705550.9337893,104.48941699996794
1786705551.0310798,97.24530399989817
1786705551.1119914,80.86769900000945
1786705551.194754,82.71800500006066
1786705551.2765777,81.78023200002826
1786705551.3580816,81.45954799988431
1786705551.439332,81.20486500001789
1786705551.5203848,81.01006900005814
1786705551.602254,81.82471299983263
1786705551.6845553,82.25676600000043
1786705551.7664983,81.84532400014177
1786705551.8473492,80.80829200002881
1786705551.9281344,80.74110699999437
1786705552.008895,80.44299699986368
1786705552.0908444,81.62043700008326
1786705552.1733289,82.44039599981079
1786705552.2599578,86.58561600009307
1786705552.340499,80.47081299991987
1786705552.4220073,81.33378999991692
1786705552.503853,81.79924999990362
1786705552.5848026,80.90207000009286
1786705552.6656673,80.81664399992405
1786705552.746295,80.58190499991724
1786705552.828361,82.01660100007757
1786705552.9101868,81.78289800002858
1786705553.0110333,100.7671949998894
1786705553.108303,97.21706499999527
1786705553.2075593,99.20962899991537
1786705553.2898312,82.13560100011819
1786705553.3710964,81.17225400019379
1786705553.4519653,80.80251500018676
1786705553.534453,82.36935900004028
1786705553.616656,82.06169400000363
1786705553.698915,82.16104600001017
1786705553.7801635,81.03256899994449
1786705553.8607295,80.51840500002072
1786705553.942545,81.74773299992921
1786705554.0255346,82.91991300006885
1786705554.107904,82.25676799997927
1786705554.1890416,81.02299600000151
1786705554.2707584,81.67073300000993
1786705554.3528957,82.09241700001257
1786705554.434952,81.9893980001325
1786705554.5175638,82.52122900012182
1786705554.5988848,81.25042000006033
1786705554.680531,81.55775199998061
1786705554.7620363,81.32762399986859
1786705554.8446553,82.52347000006921
1786705554.9263635,81.57230699998763
1786705555.0073006,80.85875599999781
1786705555.089008,81.59441899988451
1786705555.1715288,82.45243300007132
1786705555.2813382,109.70959700011917
1786705555.385003,103.56723799986867
1786705555.4664369,81.31686499996249
1786705555.5490606,82.55926600008934
1786705555.632045,82.85232000002907
1786705555.714114,81.93662100006804
1786705555.7967339,82.55348800003048
1786705555.8794186,82.57598799991683
1786705555.9608753,81.40254999989338
1786705556.0418108,80.82701500006806
1786705556.1228263,80.94888499999797
1786705556.2072566,84.36572100004014
1786705556.2908792,83.5563910000019
1786705556.3727565,81.7672149998998
1786705556.4546397,81.81630700005371
1786705556.536192,81.41519800005881
1786705556.6180966,81.79391800013036
1786705556.6992123,81.07068100002834
1786705556.7816386,82.32052700009262
1786705556.8639035,82.17176799985282
1786705556.945486,81.47166100002323
1786705557.027146,81.59371500005363
1786705557.108404,81.12914399998772
1786705557.1919925,83.52253999987624
1786705557.2734878,81.38706799991269
1786705557.3549447,81.34723500006658
1786705557.4644845,109.47302499994294
1786705557.5602393,95.5790559999059
1786705557.655989,95.70727700020143
1786705557.7424927,86.46072900000945
1786705557.8249793,82.44112000011228
1786705557.9076724,82.62571000000207
1786705557.9892426,81.52488300015648
1786705558.071262,81.97341799996138
1786705558.1548119,83.36015200006841
1786705558.2389224,84.06774099989889
1786705558.3203816,81.41319799983648
1786705558.403064,82.63554499990278
1786705558.4845898,81.46073500006423
1786705558.566816,82.13145399986388
1786705558.6497414,82.79154299998481
1786705558.7315094,81.72245600007955
1786705558.8125002,80.943144999992
1786705558.893551,81.00601499995719
1786705558.9758108,82.21510199996374
1786705559.0573082,81.45332799995231
1786705559.139527,82.1760290000384
1786705559.2244015,84.82610800001567
1786705559.306809,82.26406500011763
1786705559.388412,81.47492100010822
1786705559.4710548,82.59837800005698
1786705559.5535336,82.25669399985236
1786705559.6600285,106.45111500002713
1786705559.7669952,106.90031600006478
1786705559.8484855,81.44586499997786
1786705559.9305665,82.03749200015409
1786705560.0115085,80.90090399991823
1786705560.0925183,80.96610900020096
1786705560.1767347,84.17053700009092
1786705560.2584383,81.65479000012965
1786705560.3400383,81.55469799999082
1786705560.4211175,81.03553399996599
1786705560.5036213,82.45856400003504
1786705560.5867498,82.98504300000786
1786705560.6680388,81.19840400013345
1786705560.7503526,82.26693599999635
1786705560.8316243,81.20264500007579
1786705560.9123025,80.63060999984373
1786705560.993236,80.88655300002756
1786705561.0760667,82.78537799992591
1786705561.1575038,81.38979199998175
1786705561.239978,82.4264719999519
1786705561.3211198,81.09666400014248
1786705561.4033988,82.2336759999871
1786705561.4846854,81.24068200004331
1786705561.5666273,81.84936399993603
1786705561.6482248,81.46286500004862
1786705561.7293475,80.98736799979633
1786705561.8261707,96.68855100017026
1786705561.923738,97.52310300018507
1786705562.0193362,95.55301999989751
1786705562.099574,80.19400199987103
1786705562.181835,82.2147890000906
1786705562.2633011,81.42394000014974
1786705562.3450987,81.75188300015179
1786705562.4255624,80.41951899986088
1786705562.5074117,81.80430900006286
1786705562.588691,81.23520000003737
1786705562.6690104,80.27261200004432
1786705562.7497416,80.68703599997207
1786705562.8305097,80.72287000004508
1786705562.912606,82.0476779999808
1786705562.9933672,80.7167020000179
1786705563.073928,80.5168889999095
1786705563.1551387,81.16721900000812
1786705563.2364535,81.27092199993058
1786705563.3179994,81.50166199993691
1786705563.400235,82.1918619999451
1786705563.4807653,80.4861480000909
1786705563.561352,80.53972200013959
1786705563.642083,80.68694300004609
1786705563.7227523,80.62537000000702
1786705563.804198,81.40108800012058
1786705563.8845322,80.2905569998984
1786705563.9656043,81.02716500002316
1786705564.070405,104.75810499997351
1786705564.177878,107.2608899999068
1786705564.2601006,82.17841800001224
1786705564.3407452,80.6011300001046
1786705564.4219832,81.19223800008513
1786705564.5032756,81.24729400014985
1786705564.584402,81.07844200003456
1786705564.665044,80.59659199989255
1786705564.7461994,81.11159000009138
1786705564.834194,87.95102099998076
1786705564.915329,80.95346200002496
1786705564.996268,80.78912900009527
1786705565.078298,81.8786980000823
1786705565.1596563,80.9876659998281
1786705565.2418153,82.11775299992041
1786705565.3228567,80.99651700013055
1786705565.4037137,80.81303700009812
1786705565.4855282,81.76784699980999
1786705565.5660572,80.48416699989502
1786705565.6477537,81.65310600020348
1786705565.7328846,85.08607199996732
1786705565.8148556,81.926643000088
1786705565.8965228,81.62293999998838
1786705565.9770494,80.48068600010083
1786705566.0582068,81.11434900001768
1786705566.1396437,81.39177399993969
1786705566.25344,113.74667400014005
1786705566.356019,102.45182099993144
1786705566.4385674,82.32556600000862
1786705566.5205154,81.86354999998002
1786705566.6038804,83.1499140001597
1786705566.6860006,81.90332799995304
1786705566.7665267,80.48401999985799
1786705566.8525343,85.90636300004917
1786705566.9330504,80.31129799996961
1786705567.0149682,81.78260599993337
1786705567.09669,81.61912600007781
1786705567.178976,82.24032599991915
1786705567.2607777,81.75658800018937
1786705567.3419325,81.111238999938
1786705567.4231048,81.1280909999823
1786705567.5037353,80.57988999985355
1786705567.5848808,80.97729599990089
1786705567.6653829,80.32833500010383
1786705567.7476072,82.18132700017122
1786705567.8288355,80.88985100016544
1786705567.9095304,80.36403899996003
1786705567.9914002,81.53447800009417
1786705568.0719745,80.43283500001053
1786705568.1526353,80.50902000013593
1786705568.2346807,81.92955000004076
1786705568.3167655,82.03984600004333
1786705568.4207306,103.9204079997944
1786705568.5322647,111.4884080000138
1786705568.6149428,82.63456500003485
1786705568.695787,80.80161199995928
1786705568.7768357,81.00386999990405
1786705568.859328,82.44012199997997
1786705568.9408514,81.47823800004517
1786705569.0225146,81.61831100005656
1786705569.10343,80.87140799989356
1786705569.1860387,82.56267699994169
1786705569.2669237,80.83896300013294
1786705569.3481982,81.22868300006303
1786705569.4287956,80.55268599991905
1786705569.50906,80.21991100008563
1786705569.589607,80.50172399998701
1786705569.6699305,80.27990999994472
1786705569.7519817,82.00779100002364
1786705569.8330095,80.98135099999126
1786705569.9261613,93.10751500015613
1786705570.0066006,80.39550199987389
1786705570.0879512,81.30484999992404
1786705570.16929,81.29214599989609
1786705570.250939,81.60479299999679
1786705570.331883,80.89868499996555
1786705570.4125712,80.6424639999932
1786705570.4931374,80.51989099999446
1786705570.602088,108.9002360001814
1786705570.7030797,100.94760699985272
1786705570.7876706,84.54772300001423
1786705570.8695393,81.82517999989614
1786705570.9515932,82.00995800007149
1786705571.032589,80.90127800005575
1786705571.1141024,80.92814899987388
1786705571.1965292,82.38228999994135
1786705571.2800758,83.25111900012416
1786705571.3625846,82.40823400001318
1786705571.4446764,81.94625500004804
1786705571.5259266,81.15409100014404
1786705571.6081057,82.13510600012341
1786705571.6904457,82.29793800001062
1786705571.7726119,82.12386500008506
1786705571.8534653,80.73350200015739
1786705571.934916,81.34612799995011
1786705572.0168078,81.65960800010907
1786705572.0975254,80.65087199997834
1786705572.1787088,81.13505500000429
1786705572.2600763,81.28922099990632
1786705572.3410292,80.90927800003556
1786705572.4233723,82.29434600002605
1786705572.5053277,81.91003299998556
1786705572.5872824,81.88716300014676
1786705572.6674347,80.06911500001479
1786705572.774208,106.72169100007523
1786705572.8847404,110.4777660000309
1786705572.971926,87.012027000128
1786705573.0529454,80.66816800010201
1786705573.134201,81.15575900001204
1786705573.2172043,82.95467700008885
1786705573.2997682,82.4784929998259
1786705573.3810358,81.21892500003014
1786705573.4617538,80.66918700001224
1786705573.5439792,82.17418000003818
1786705573.6258657,81.83786600011445
1786705573.7080824,82.1671429998787
1786705573.789725,81.5936829999373
1786705573.870653,80.88346399995316
1786705573.9525156,81.53625699992517
1786705574.0331492,80.31689199992798
1786705574.115423,81.94723700012219
1786705574.1984203,82.85967599999822
1786705574.2798028,81.33759100019233
1786705574.3618238,81.97730999995656
1786705574.4430225,81.15716699990116
1786705574.5247846,81.71792300004199
1786705574.6052058,80.19078300003457
1786705574.6858964,80.64074300000357
1786705574.7664235,80.47935499985215
1786705574.8486896,82.2172360001332
1786705574.9486206,99.88064999993185
1786705575.0442238,95.55613499992432
1786705575.138433,94.09754900002554
1786705575.2209475,82.46993900002053
1786705575.3021023,81.10759300006976
1786705575.3836281,81.47901699999238
1786705575.4650624,81.28922200012312
1786705575.5471709,82.06058800010396
1786705575.6284955,81.27820300001076
1786705575.709413,80.81796399983432
1786705575.7909212,81.36483199996292
1786705575.872502,81.53464599990912
1786705575.95406,81.22931399998379
1786705576.0352511,81.10742600001686
1786705576.116799,81.49868300006347
1786705576.1986136,81.76573800005826
1786705576.2814834,82.82334499995159
1786705576.364207,82.6757339998494
1786705576.4454572,81.20194499997524
1786705576.5267262,81.22048199993515
1786705576.6084156,81.64379400000144
1786705576.6900687,81.60475799991218
1786705576.771229,81.11287099995934
1786705576.8529642,81.68814600003316
1786705576.9341097,81.09735199991519
1786705577.0160632,81.90397800012761
1786705577.1081014,91.98926299995946
1786705577.214191,106.04501200009508
1786705577.3103564,96.11789200016574
1786705577.3925164,82.05901499991342
1786705577.4737794,81.18031499998324
1786705577.5552423,81.31892599999446
1786705577.6414464,86.15295799995693
1786705577.7241223,82.63136400000803
1786705577.8057745,81.60836899992319
1786705577.8875182,81.70290499992916
1786705577.9694595,81.79657200003021
1786705578.0511684,81.6632200001095
1786705578.1332726,82.0596440000827
1786705578.2167966,83.47821200004546
1786705578.2978659,81.02272400014954
1786705578.379179,81.14324100006343
1786705578.4618132,82.48319800009085
1786705578.544363,82.39695800011759
1786705578.62577,81.35877699987759
1786705578.7065413,80.62529999983781
1786705578.787097,80.51048500010438
1786705578.868959,81.77855300004921
1786705578.951892,82.84984500005521
1786705579.0344167,82.44593899985375
1786705579.1151636,80.60357699991982
1786705579.1976388,82.39066199985245
1786705579.2908072,93.08711099993161
1786705579.3901477,99.1556369999671
1786705579.4873319,97.04290700005913
1786705579.5697324,82.29138399997282
1786705579.651144,81.36081499992542
1786705579.7319221,80.7328729999881
1786705579.8139346,81.86049799996908
1786705579.895172,81.17146399990816
1786705579.976868,81.61592500005099
1786705580.0588856,81.88305300018328
1786705580.1412418,82.14855200003512
1786705580.2247152,83.42521199983821
1786705580.3200767,95.31313700017563
1786705580.4019492,81.82622100002845
1786705580.4837446,81.75059100017279
1786705580.566442,82.65175299993643
1786705580.6485448,82.02358999983517
1786705580.7300632,81.3825000000179
1786705580.8112965,81.08448300004056
1786705580.8925824,81.13390900007289
1786705580.9744391,81.70688700010942
1786705581.0566893,82.20327399999405
1786705581.1380448,81.3050930000827
1786705581.221116,83.02447400001256
1786705581.3027282,81.56118500005505
1786705581.3841703,81.3934820000668
1786705581.477719,93.49808999991183
1786705581.5773416,99.57672899986392
1786705581.6727707,95.38322999992488
1786705581.7541988,81.38103800001772
1786705581.835077,80.83205900015855
1786705581.9167438,81.61955399987164
1786705581.9988902,82.09949700017205
1786705582.0813098,82.37310700019407
1786705582.1626315,81.27587199987829
1786705582.245801,83.12615899990305
1786705582.326677,80.83476300021175
1786705582.4081945,81.47277799980657
1786705582.4908667,82.62784700013981
1786705582.5721207,81.20942699997613
1786705582.6536717,81.5063340000961
1786705582.7348273,81.10950200011757
1786705582.8167741,81.89738700002636
1786705582.8990948,82.27371900011349
1786705582.9803054,81.16531600012422
1786705583.062578,82.22788500006573
1786705583.1441305,81.50774000000638
1786705583.2270973,82.91899300002115
1786705583.308624,81.48057499988681
1786705583.3906393,81.97109100001398
1786705583.4722495,81.56427799985977
1786705583.554015,81.7193140001109
1786705583.642085,88.02600600006372
1786705583.7406676,98.53482600010466
1786705583.8470814,106.37147400007052
1786705583.9299583,82.8321970000161
1786705584.011143,81.14055700002609
1786705584.0925786,81.38863099998161
1786705584.1748915,82.26953400003367
1786705584.2571263,82.19073800000842
1786705584.3397372,82.56655099989985
1786705584.4210587,81.2771870000688
1786705584.5027487,81.63837000006424
1786705584.5846448,81.85240600005272
1786705584.666575,81.88403600001948
1786705584.7481165,81.49683300007382
1786705584.8303263,82.16547900019577
1786705584.911342,80.97124400001121
1786705584.9929216,81.53435200006243
1786705585.075354,82.38394099998914
1786705585.157394,81.99764699998013
1786705585.2405443,83.10684499997478
1786705585.3223274,81.74131400005535
1786705585.4034572,81.08676100005141
1786705585.4852352,81.73179599998548
1786705585.5666776,81.3964640001359
1786705585.6479678,81.24779799982207
1786705585.7288048,80.79350400021212
1786705585.8110862,82.2383859999718
1786705585.9052165,94.0897190000669
1786705586.0047233,99.46871100009957
1786705586.0998402,94.94443699986732
1786705586.1825297,82.64471799998319
1786705586.2649782,82.40473700016082
1786705586.3469946,81.97320299996136
1786705586.429266,82.22942400016109
1786705586.5108542,81.53762999995706
1786705586.5919092,81.01146600006359
1786705586.6730464,81.09917000001587
1786705586.7544878,81.39725999990333
1786705586.8354821,80.94842900004551
1786705586.9181929,82.66469899990625
1786705586.9999917,81.75122199986617
1786705587.081949,81.90848100002768
1786705587.163093,81.09535499988851
1786705587.246502,83.36236300010569
1786705587.3274705,80.92204100012168
1786705587.4088259,81.30470599985529
1786705587.4907238,81.8511480001689
1786705587.5718102,81.03663300016706
1786705587.654111,82.16275699987818
1786705587.735431,81.27328000000489
1786705587.816711,81.23535400000037
1786705587.8987422,81.9865910000317
1786705587.9797094,80.92333700005838
1786705588.074721,94.96462200013411
1786705588.174277,99.5110639998984
1786705588.271762,97.44192600010138
1786705588.3545299,82.72262499986027
1786705588.4370105,82.43584799993187
1786705588.5189536,81.89720399991529
1786705588.5997176,80.71728300001269
1786705588.6820807,82.31596100017669
1786705588.7646294,82.5023479999345
1786705588.8467615,82.07984999990003
1786705588.9291518,82.34496000000036
1786705589.011086,81.88866599994071
1786705589.0922875,81.15561399995386
1786705589.1768959,84.56407900007434
1786705589.2596028,82.6609590001226
1786705589.3409984,81.35150199996133
1786705589.4218593,80.82435700021051
1786705589.5033069,81.40383599993584
1786705589.5843508,80.99589299990839
1786705589.6672046,82.80919899993933
1786705589.7485173,81.26716900005704
1786705589.8293474,80.78543100009483
1786705589.9111664,81.77414800002225
1786705589.9919798,80.76819100006105
1786705590.0745897,82.56458899995778
1786705590.157062,82.42710900003658
1786705590.2504945,93.23868700016646
1786705590.3529108,102.37149499994302
1786705590.4481592,95.19778900016718
1786705590.5285087,80.30247099986809
1786705590.6097186,81.1596329999702
1786705590.6917937,82.02703699998892
1786705590.773737,81.89481499994145
1786705590.8552532,81.38122400009706
1786705590.936123,80.73400600005698
1786705591.016645,80.47739499988893
1786705591.0994759,82.78662499992606
1786705591.1818297,82.30903599996964
1786705591.2642372,82.36190499997065
1786705591.345091,80.80743200002871
1786705591.4272823,82.14129500015588
1786705591.5090866,81.75879700002042
1786705591.5899694,80.79798700009633
1786705591.6717408,81.56164900015028
1786705591.7522163,80.42859900001531
1786705591.8339097,81.52035399984925
1786705591.9157665,81.71302000005198
1786705591.996625,80.67608000010296
1786705592.0785904,81.79409299987128
1786705592.1599777,81.2869479998426
1786705592.242604,82.58016400009183
1786705592.3241546,81.46116900002198
1786705592.424697,100.49372699995729
1786705592.526518,101.65820300017003
1786705592.6235576,96.9612619999225
1786705592.7056537,82.05029599980662
1786705592.7889698,83.27064200011591
1786705592.8692985,80.28413700003512
1786705592.9509766,81.6149279999081
1786705593.0333,82.26140600004328
1786705593.1157408,82.39159100003235
1786705593.199501,83.66169599980822
1786705593.280834,81.26416999994035
1786705593.3630052,82.0755919999101
1786705593.4448204,81.74696399987624
1786705593.5259454,81.03430100004516
1786705593.6090353,83.02018099993802
1786705593.6903298,81.2476329999754
1786705593.7734673,83.0924760000471
1786705593.8564367,82.92312599996876
1786705593.9379272,81.42085500003304
1786705594.0203753,82.40107200003877
1786705594.1020184,81.597297999906
1786705594.1842306,82.16731400011668
1786705594.2663174,82.04100000011749
1786705594.3477151,81.35204000018348
1786705594.429078,81.31594800011044
1786705594.5100088,80.88567200002217
1786705594.6019645,91.91206400009833
1786705594.7012322,99.11315999988801
1786705594.7972429,95.96404499984601
1786705594.878332,81.04128299987678
1786705594.960202,81.82361300009688
1786705595.0408974,80.65111800010527
1786705595.1213005,80.35367499996937
1786705595.2032852,81.94007500014777
1786705595.2843728,81.03967199986073
1786705595.364727,80.30647200007479
1786705595.4464595,81.68639100017572
1786705595.5270276,80.52085899998929
1786705595.607717,80.6397480000669
1786705595.6895473,81.77794599987465
1786705595.7735212,83.930232000057
1786705595.8542013,80.6375439999556
1786705595.9350593,80.81185800006097
1786705596.0160236,80.91882099984105
1786705596.0971348,81.06546800013348
1786705596.1790068,81.82507600008648
1786705596.2606604,81.60755799985964
1786705596.3413398,80.63380300018252
1786705596.4224064,80.99676500000896
1786705596.5041316,81.67740999988382
1786705596.5847902,80.52095199991527
1786705596.6656082,80.68022900010874
1786705596.746909,81.25589299993408
1786705596.8561976,109.24098299983598
1786705596.9630651,106.82132800002364
1786705597.0459182,82.80716300009772
1786705597.1282399,82.2721110000657
1786705597.2111495,82.85914500015679
1786705597.2930713,81.87681599997632
1786705597.3749063,81.52570699985517
1786705597.4564607,81.50665099992693
1786705597.5378022,81.29143099995417
1786705597.6200233,82.0660740000676
1786705597.7096636,89.52192900005684
1786705597.790901,81.02807999989636
1786705597.8724835,81.53617000016311
1786705597.9539511,81.42339200003335
1786705598.036408,82.40449899994928
1786705598.1198354,83.15755099988564
1786705598.2016695,81.78715000008197
1786705598.283427,81.71328100002029
1786705598.364986,81.51329999986956
1786705598.4473805,82.35064700011208
1786705598.5285964,81.17241299987654
1786705598.6112945,82.65122100010558
1786705598.6928859,81.5483179999319
1786705598.7738845,80.9494690001884
1786705598.8560095,82.07566700002644
1786705598.937172,81.1143749999701
1786705599.0407367,103.51645600007942
1786705599.142335,101.54939100016236
1786705599.2261958,83.814029999985
1786705599.3081582,81.91429799990146
1786705599.3897543,81.55094799985818
1786705599.472643,82.84292299981644
1786705599.5546417,81.95290899993779
1786705599.6365411,81.85576099981517
1786705599.717664,81.02656200003366
1786705599.7984314,80.720933000066
1786705599.8806946,82.21874100013338
1786705599.9617906,81.05058000001009
1786705600.0434906,81.65600300003462
1786705600.1247914,81.25428300013482
1786705600.2070997,82.26129700005913
1786705600.2888088,81.66363300006196
1786705600.37143,82.57664699999623
1786705600.4529104,81.43644899996616
1786705600.534467,81.51091200011251
1786705600.616613,82.10055700010344
1786705600.6996648,83.00744100006341
1786705600.7808225,81.11232100009147
1786705600.863731,82.86268200004088
1786705600.944801,81.02502500014452
1786705601.0256066,80.75243400003274
1786705601.1072817,81.63054000010561
1786705601.21314,105.8116119997976
1786705601.3227835,109.59831599984682
1786705601.4044442,81.46168999996917
1786705601.4859884,81.3392280001608
1786705601.5667155,80.52049000002626
1786705601.64856,81.64226300004884
1786705601.7296805,80.88885899996967
1786705601.8107238,80.83265599998413
1786705601.8932984,82.52961099992717
1786705601.9742594,80.91554399993584
1786705602.056265,81.79415099994003
1786705602.138022,81.55585600002269
1786705602.2215872,83.51816200001849
1786705602.3039777,82.34401899994737
1786705602.3862183,82.1946860000935
1786705602.4673133,81.04911800000991
1786705602.5484645,81.10626600000614
1786705602.6308272,82.31509300003381
1786705602.71228,81.24865400009185
1786705602.793453,80.94850700013012
1786705602.874117,80.46565700010433
1786705602.955467,81.14532100012184
1786705603.0374515,81.78185499991741
1786705603.119409,81.78189199998087
1786705603.2029824,83.36397700009002
1786705603.2845645,81.45576500010066
1786705603.3985748,113.87409300004947
1786705603.4976645,99.0447739998217
1786705603.5791073,81.39385699996637
1786705603.660833,81.67291100016882
1786705603.7417927,80.91506299979301
1786705603.8248558,83.0172930000117
1786705603.906235,81.33444899999631
1786705603.9875891,81.30878299994038
1786705604.0689266,81.2912100000176
1786705604.1500592,81.08732200003033
1786705604.2333777,83.12053400004515
1786705604.3144217,80.99773000003552
1786705604.3968801,82.4127230000613
1786705604.4775932,80.66858300003332
1786705604.558814,81.175488000099
1786705604.6408958,82.03779900009067
1786705604.7216072,80.66000899998471
1786705604.8031065,81.45500500017988
1786705604.8850026,81.85072600008425
1786705604.966603,81.55561500007025
1786705605.0481586,81.51242999997521
1786705605.1290994,80.8950079999704
1786705605.2118862,82.7417030000106
1786705605.29334,81.40613499995197
1786705605.3748264,81.44067199987148
1786705605.4606743,85.7996520001052
1786705605.566089,105.36876299988762
1786705605.6664546,100.14504699984172
1786705605.7483647,81.86141100009081
1786705605.8294892,81.07746999985466
1786705605.9105792,81.04369299985592
1786705605.991835,81.21161799999754
1786705606.0747042,82.82409200000984
1786705606.1555672,80.81982299995616
1786705606.2374995,81.88713300000927
1786705606.3189402,81.39096799982326
1786705606.4008598,81.87446600004478
1786705606.4823005,81.39396900014617
1786705606.5630717,80.72797199997694
1786705606.6449192,81.80204099994626
1786705606.7256315,80.66608399985853
1786705606.807303,81.62578199994641
1786705606.8900309,82.68392600007246
1786705606.9710367,80.9609890000047
1786705607.0527127,81.62289300003067
1786705607.1335375,80.7789169998614
1786705607.2167494,83.16721999995025
1786705607.2979333,81.13698900001509
1786705607.3790796,81.10032200011119
1786705607.461237,82.1124100000361
1786705607.5421834,80.90087799996581
1786705607.6236238,81.3943019998078
1786705607.72389,100.22015799995643
1786705607.8221648,98.23124100012137
1786705607.9233983,101.18891299998722
1786705608.0049748,81.53104199982408
1786705608.0862489,81.2275440000576
1786705608.167443,81.14354500003174
1786705608.250901,83.41173799999524
1786705608.3325746,81.62487599997803
1786705608.4151194,82.49983399991834
1786705608.4964757,81.00639700001011
1786705608.577684,81.16274799999701
1786705608.6595523,81.82430099986959
1786705608.7422087,82.61194500005331
1786705608.8241277,81.87437499987027
1786705608.9056878,81.5150610001183
1786705608.9865127,80.77976799995668
1786705609.06792,81.36074699996243
1786705609.1494312,81.46504299998014
1786705609.2328568,83.37777499991716
1786705609.3142326,81.32470999998986
1786705609.395138,80.85675000006631
1786705609.476626,81.43750599992927
1786705609.558458,81.78446800002348
1786705609.6398005,81.29691399994954
1786705609.7208903,81.04361899995638
1786705609.8018255,80.88717600003292
1786705609.8835633,81.69059800002287
1786705609.9848154,101.20541400010552
1786705610.0912304,106.37087100008102
1786705610.175854,84.57723199990141
1786705610.2570014,81.10197099995275
1786705610.345745,88.69578700000602
1786705610.4270687,81.2763779999841
1786705610.5087957,81.68320900017534
1786705610.5907435,81.90085599994745
1786705610.6718264,81.03804500001388
1786705610.7536342,81.76382000010562
1786705610.8349519,81.27321100005247
1786705610.9171405,82.00493000003917
1786705610.9986267,81.4397280000776
1786705611.0805154,81.84448700012581
1786705611.1619844,81.42495199990663
1786705611.2449424,82.9118889998881
1786705611.3263178,81.33206299999074
1786705611.4074674,81.11058200006482
